Wardcode,YearendingMar2000,YearendingJun2000,YearendingSep2000,YearendingDec2000,YearendingMar2001,YearendingJun2001,YearendingSep2001,YearendingDec2001,YearendingMar2002,YearendingJun2002,YearendingSep2002,YearendingDec2002,YearendingMar2003,YearendingJun2003,YearendingSep2003,YearendingDec2003,YearendingMar2004,YearendingJun2004,YearendingSep2004,YearendingDec2004,YearendingMar2005,YearendingJun2005,YearendingSep2005,YearendingDec2005,YearendingMar2006,YearendingJun2006,YearendingSep2006,YearendingDec2006,YearendingMar2007,YearendingJun2007,YearendingSep2007,YearendingDec2007,YearendingMar2008,YearendingJun2008,YearendingSep2008,YearendingDec2008,YearendingMar2009,YearendingJun2009,YearendingSep2009,YearendingDec2009,YearendingMar2010,YearendingJun2010,YearendingSep2010,YearendingDec2010,YearendingMar2011,YearendingJun2011,YearendingSep2011,YearendingDec2011,YearendingMar2012,YearendingJun2012,YearendingSep2012,YearendingDec2012,YearendingMar2013,YearendingJun2013,YearendingSep2013,YearendingDec2013,YearendingMar2014,YearendingJun2014,YearendingSep2014,YearendingDec2014,YearendingMar2015,YearendingJun2015,YearendingSep2015,YearendingDec2015,YearendingMar2016,YearendingJun2016,YearendingSep2016,YearendingDec2016,YearendingMar2017,YearendingJun2017,YearendingSep2017,YearendingDec2017,YearendingMar2018,YearendingJun2018,YearendingSep2018,YearendingDec2018,YearendingMar2019,YearendingJun2019,YearendingSep2019,YearendingDec2019
E05011348,122500.0,125250.0,130500.0,135950.0,138000.0,146500.0,146850.0,157000.0,164000.0,164400.0,172250.0,186500.0,199500.0,200000.0,215000.0,215000.0,219823.0,229500.0,218000.0,222500.0,218000.0,225000.0,240000.0,244950.0,247250.0,249950.0,265000.0,265000.0,265000.0,265000.0,260000.0,269998.0,273000.0,287000.0,297000.0,265000.0,245000.0,220000.0,225000.0,223750.0,222000.0,228750.0,230000.0,230000.0,250000.0,262000.0,280000.0,285000.0,280000.0,282500.0,280000.0,275000.0,260000.0,250000.0,250000.0,250000.0,250000.0,262500.0,269950.0,268495.0,269473.0,269950.0,279495.0,291750.0,305475.0,319995.0,319995.0,319950.0,315000.0,319950.0,319995.0,350000.0,359950.0,365000.0,364000.0,355000.0,360000.0,354498.0,357500.0,358750.0
E05011349,90000.0,99000.0,103000.0,109500.0,112000.0,114000.0,117000.0,122000.0,122500.0,129000.0,135000.0,137250.0,148975.0,157500.0,163500.0,162000.0,162000.0,165000.0,167250.0,172500.0,175000.0,177000.0,178000.0,180000.0,184000.0,194000.0,190000.0,193500.0,193000.0,197250.0,200000.0,205000.0,210000.0,209500.0,209000.0,189000.0,186750.0,181500.0,185500.0,189475.0,190000.0,200000.0,201500.0,210000.0,205000.0,205000.0,205000.0,199000.0,197750.0,205000.0,207500.0,212998.0,215000.0,206000.0,210000.0,212000.0,215000.0,220000.0,227500.0,238000.0,249498.0,243000.0,248975.0,247750.0,250000.0,260000.0,267500.0,270000.0,282000.0,300000.0,285000.0,290475.0,295000.0,295000.0,305900.0,309750.0,308000.0,309375.0,307000.0,311000.0
E05010921,65000.0,69500.0,71250.0,76500.0,81000.0,85500.0,86950.0,88000.0,90000.0,91000.0,95000.0,109950.0,110000.0,114000.0,117750.0,121000.0,124500.0,130000.0,132000.0,135000.0,137500.0,145000.0,146250.0,154950.0,154475.0,157477.0,159500.0,158950.0,160000.0,160000.0,163000.0,163725.0,166000.0,169000.0,157000.0,156125.0,154500.0,150000.0,152500.0,151000.0,149500.0,152000.0,150000.0,157000.0,157975.0,161000.0,169500.0,159000.0,159000.0,158000.0,150000.0,150000.0,151000.0,152000.0,160000.0,160000.0,163000.0,166625.0,167750.0,173750.0,176000.0,177000.0,182500.0,184500.0,185000.0,189975.0,193500.0,197000.0,206000.0,220000.0,209000.0,217500.0,225000.0,227500.0,249995.0,245000.0,244025.0,243028.0,243028.0,243000.0
E05010922,72500.0,77450.0,80000.0,84950.0,86250.0,88000.0,88925.0,89000.0,89000.0,93000.0,98250.0,106500.0,109250.0,117500.0,121975.0,126000.0,133000.0,133000.0,140000.0,140000.0,139000.0,141000.0,135750.0,142000.0,144750.0,145750.0,152725.0,154500.0,154000.0,155000.0,156448.0,159000.0,161752.0,163000.0,160632.0,159000.0,158000.0,146000.0,144000.0,140750.0,140500.0,144750.0,144500.0,140000.0,140000.0,139950.0,141000.0,145000.0,146750.0,145000.0,148000.0,152500.0,159500.0,160000.0,162000.0,162500.0,165000.0,167750.0,170000.0,172000.0,170000.0,168250.0,172250.0,177500.0,178750.0,186000.0,192575.0,190000.0,200000.0,199000.0,200000.0,211250.0,209000.0,214500.0,215000.0,208000.0,205000.0,195000.0,198500.0,205000.0
E05010923,65500.0,70000.0,73500.0,78000.0,81500.0,84950.0,86000.0,90000.0,94000.0,99000.0,107750.0,115500.0,119725.0,132000.0,144975.0,156998.0,160000.0,161000.0,160000.0,159000.0,158000.0,165000.0,166000.0,162270.0,164950.0,162270.0,165000.0,170500.0,170000.0,170500.0,172000.0,171800.0,173750.0,175000.0,172500.0,163875.0,165000.0,158000.0,151000.0,155000.0,152000.0,165000.0,165000.0,180000.0,180000.0,180000.0,171000.0,158500.0,158475.0,158000.0,160000.0,167000.0,174000.0,180000.0,175000.0,180000.0,184250.0,190000.0,195000.0,195000.0,195000.0,195000.0,195000.0,208500.0,214375.0,227250.0,230000.0,237500.0,232000.0,236000.0,236000.0,230000.0,255998.0,255000.0,253750.0,257000.0,250000.0,240500.0,243000.0,247250.0
E05010924,64000.0,67500.0,68500.0,73458.0,77500.0,79950.0,79950.0,80000.0,83500.0,88500.0,90000.0,97000.0,100000.0,105000.0,115000.0,119950.0,121500.0,120500.0,124500.0,127250.0,130000.0,132000.0,134500.0,135000.0,138000.0,139225.0,140000.0,141000.0,144000.0,147500.0,151500.0,155000.0,156500.0,157000.0,158000.0,154000.0,152500.0,140000.0,133850.0,134350.0,134000.0,139500.0,145000.0,145500.0,146000.0,143000.0,140000.0,139500.0,138500.0,142500.0,145000.0,145000.0,147000.0,149000.0,157000.0,160000.0,164000.0,160000.0,163000.0,169000.0,170000.0,175000.0,183500.0,185000.0,188000.0,191000.0,202250.0,205500.0,207500.0,210000.0,210000.0,211500.0,211500.0,210000.0,210000.0,210000.0,210000.0,210000.0,205000.0,200000.0
E05010925,84000.0,84950.0,87500.0,88000.0,89000.0,94000.0,97500.0,99950.0,104998.0,109950.0,115000.0,124950.0,129000.0,134000.0,139000.0,135000.0,137000.0,140000.0,144000.0,151500.0,155500.0,157500.0,158498.0,157000.0,156225.0,157000.0,161000.0,164475.0,166000.0,169995.0,180000.0,185000.0,185000.0,186000.0,187250.0,184000.0,180000.0,172000.0,170000.0,172000.0,171500.0,172250.0,172000.0,175000.0,175000.0,175000.0,185000.0,180000.0,182500.0,180000.0,179250.0,180000.0,183500.0,184950.0,186500.0,198000.0,202750.0,217750.0,228751.0,230000.0,230000.0,232000.0,234250.0,245000.0,252500.0,265000.0,265000.0,274475.0,273950.0,272225.0,270000.0,270000.0,270000.0,270000.0,270500.0,280000.0,280000.0,293000.0,295000.0,300000.0
E05010926,110000.0,115000.0,119995.0,125000.0,128995.0,128000.0,128000.0,126000.0,128950.0,136500.0,139000.0,150000.0,157500.0,168500.0,172000.0,166000.0,168125.0,172375.0,180000.0,184000.0,182000.0,182500.0,177750.0,178000.0,180400.0,182500.0,196500.0,200000.0,202000.0,208500.0,209750.0,217750.0,220000.0,219000.0,205500.0,197750.0,195500.0,200000.0,194000.0,194500.0,195000.0,200000.0,205000.0,203000.0,206716.0,200000.0,203000.0,201000.0,195000.0,195000.0,188250.0,189250.0,203750.0,205000.0,217500.0,225000.0,232750.0,238000.0,242500.0,245000.0,240063.0,249475.0,250000.0,266000.0,270000.0,287000.0,296000.0,302500.0,310000.0,305000.0,315000.0,322750.0,323000.0,327500.0,330000.0,330000.0,328000.0,322500.0,315000.0,320000.0
E05012968,86000.0,92475.0,99950.0,109950.0,115000.0,122000.0,124500.0,124950.0,129950.0,137225.0,139950.0,143000.0,143500.0,139950.0,139740.0,140500.0,145000.0,164725.0,175000.0,175000.0,175000.0,170500.0,173500.0,173000.0,165250.0,169950.0,170000.0,172778.0,187500.0,189950.0,192750.0,194950.0,195000.0,199250.0,200000.0,215000.0,196500.0,190000.0,186000.0,180350.0,184500.0,184000.0,190500.0,190000.0,186000.0,181750.0,176000.0,188000.0,188000.0,191000.0,200750.0,196500.0,208250.0,193000.0,190000.0,188250.0,185500.0,191000.0,208250.0,212500.0,223000.0,230000.0,240000.0,265000.0,269250.0,289000.0,295000.0,286450.0,285950.0,289950.0,295000.0,300000.0,300000.0,292498.0,289995.0,291995.0,292500.0,310000.0,320000.0,328146.0
E05010928,82500.0,85000.0,89475.0,94250.0,101000.0,102000.0,102875.0,104500.0,105000.0,111750.0,117975.0,126000.0,129995.0,138000.0,141000.0,143000.0,142000.0,144975.0,152000.0,155000.0,156000.0,157000.0,155000.0,156750.0,160000.0,162000.0,165000.0,169950.0,173000.0,179995.0,186000.0,191000.0,191000.0,197500.0,188000.0,182500.0,180000.0,178000.0,175000.0,178000.0,190000.0,194500.0,195000.0,190000.0,184975.0,185000.0,187000.0,190000.0,191000.0,187000.0,203500.0,196000.0,203500.0,210000.0,210000.0,217000.0,215000.0,215000.0,220000.0,225000.0,235000.0,240000.0,242000.0,250000.0,255000.0,252750.0,265000.0,265000.0,270000.0,275550.0,275000.0,280000.0,281500.0,283500.0,285000.0,281250.0,280000.0,275000.0,275000.0,271750.0
E05010929,153500.0,154250.0,157000.0,163975.0,170000.0,178000.0,170000.0,175500.0,180000.0,178750.0,194450.0,208475.0,225000.0,235000.0,235000.0,234973.0,241750.0,245000.0,265000.0,277250.0,275000.0,281500.0,283889.0,280000.0,275000.0,288389.0,285000.0,285000.0,310000.0,303000.0,290000.0,325000.0,325000.0,335000.0,297500.0,295000.0,300000.0,275000.0,250000.0,250000.0,266750.0,287250.0,320000.0,321250.0,327500.0,318750.0,308000.0,287500.0,270000.0,270000.0,282500.0,290000.0,285000.0,290000.0,275000.0,330000.0,330000.0,320000.0,331000.0,332000.0,335000.0,329500.0,352382.0,328750.0,342500.0,375000.0,361000.0,342500.0,330000.0,319975.0,320000.0,325000.0,321250.0,325000.0,325000.0,327000.0,333500.0,335000.0,325000.0,320000.0
E05010930,149950.0,149975.0,159950.0,171475.0,174000.0,181250.0,177000.0,177000.0,179950.0,179475.0,198500.0,210250.0,216050.0,245500.0,249950.0,249973.0,249225.0,240000.0,250000.0,275000.0,279250.0,280000.0,263500.0,268750.0,265000.0,260000.0,275000.0,250000.0,252500.0,275000.0,283500.0,300000.0,296000.0,290875.0,283000.0,280000.0,281250.0,277500.0,283000.0,270000.0,285000.0,286250.0,305000.0,330000.0,330000.0,342500.0,350000.0,340000.0,331250.0,325000.0,292500.0,305000.0,310000.0,330000.0,325000.0,325000.0,330000.0,342000.0,360000.0,330000.0,331000.0,325000.0,322475.0,340000.0,349950.0,350000.0,375000.0,375000.0,375000.0,385000.0,385000.0,414000.0,420000.0,420000.0,425000.0,421000.0,425000.0,420000.0,416500.0,399975.0
E05012969,145000.0,154000.0,155500.0,151500.0,155500.0,173750.0,174000.0,186500.0,195000.0,185000.0,208000.0,210000.0,224125.0,245000.0,245000.0,249998.0,250000.0,260100.0,273500.0,275000.0,271000.0,265000.0,265000.0,250000.0,279950.0,303750.0,295000.0,295000.0,292500.0,292250.0,312000.0,343000.0,349750.0,365000.0,362500.0,300000.0,284300.0,295000.0,285000.0,285250.0,300000.0,300000.0,310000.0,322553.0,317553.0,315000.0,311250.0,345000.0,326750.0,328000.0,330000.0,310000.0,310000.0,310000.0,312750.0,320000.0,331498.0,330000.0,329995.0,345000.0,350000.0,394995.0,395999.0,375000.0,369950.0,362500.0,359950.0,368473.0,365000.0,369995.0,374995.0,384975.0,402973.0,405473.0,410000.0,405000.0,409473.0,410000.0,410000.0,396000.0
E05010932,105000.0,115000.0,119995.0,120750.0,122250.0,126000.0,132000.0,130000.0,135000.0,143975.0,149998.0,165000.0,170000.0,170000.0,178000.0,175500.0,179475.0,186500.0,196000.0,210000.0,210000.0,205000.0,205000.0,209995.0,208250.0,210000.0,216000.0,225000.0,230000.0,236200.0,245000.0,245000.0,242955.0,240000.0,225000.0,218995.0,209000.0,205000.0,206000.0,215000.0,217475.0,226000.0,236000.0,234995.0,237500.0,240250.0,231250.0,227500.0,230000.0,229000.0,230000.0,235250.0,236750.0,245000.0,249950.0,250000.0,250000.0,259751.0,265000.0,270000.0,282500.0,282250.0,300000.0,315000.0,325000.0,347000.0,356500.0,347000.0,348750.0,337000.0,330000.0,332250.0,336000.0,338750.0,350000.0,357500.0,352000.0,350000.0,341000.0,327750.0
E05010933,95000.0,98000.0,102000.0,110000.0,113000.0,117000.0,122250.0,126000.0,136000.0,142000.0,154000.0,157500.0,160000.0,160000.0,161000.0,168000.0,174000.0,179725.0,192250.0,198000.0,198250.0,196000.0,187250.0,189250.0,196750.0,201000.0,205000.0,211500.0,214500.0,220000.0,235000.0,239950.0,240000.0,239950.0,228750.0,214256.0,207250.0,189000.0,191000.0,200000.0,210000.0,225000.0,225000.0,235000.0,228000.0,234995.0,238000.0,240000.0,237500.0,226000.0,230000.0,236000.0,240000.0,247475.0,241000.0,242000.0,246000.0,250000.0,273750.0,273750.0,275000.0,280000.0,289500.0,311250.0,325000.0,337500.0,345000.0,342500.0,343250.0,340750.0,327500.0,317000.0,325000.0,315000.0,315000.0,329500.0,316250.0,320250.0,325000.0,315000.0
E05010934,151000.0,151000.0,165000.0,175000.0,177250.0,192250.0,182500.0,159975.0,163000.0,157500.0,179500.0,215000.0,224500.0,231250.0,238500.0,249975.0,245000.0,241750.0,250000.0,234000.0,234500.0,236750.0,235000.0,245000.0,245000.0,261750.0,278250.0,299250.0,312000.0,315000.0,320000.0,321250.0,323750.0,318500.0,300650.0,289375.0,266013.0,248248.0,250000.0,249995.0,255000.0,285000.0,280000.0,294975.0,293725.0,316875.0,320000.0,320000.0,320000.0,300000.0,317500.0,302500.0,305000.0,311000.0,304975.0,335000.0,330000.0,327500.0,320000.0,327500.0,330000.0,360000.0,377510.0,365000.0,387500.0,360250.0,357000.0,358500.0,360125.0,390000.0,400000.0,401250.0,402500.0,402500.0,399950.0,405000.0,435000.0,439500.0,450000.0,430000.0
E05006545,100000.0,102950.0,112000.0,117500.0,116250.0,115000.0,115000.0,110025.0,114750.0,117000.0,137500.0,155000.0,160000.0,170000.0,172000.0,190000.0,185000.0,185000.0,180000.0,180500.0,183975.0,176250.0,177575.0,177500.0,177950.0,191148.0,201398.0,200635.0,205000.0,215000.0,209950.0,206000.0,215000.0,216250.0,212000.0,209500.0,202500.0,202500.0,191500.0,210000.0,200750.0,200000.0,205000.0,205000.0,205000.0,205000.0,208500.0,206000.0,206500.0,203000.0,200000.0,210000.0,206000.0,215000.0,215000.0,212000.0,213500.0,220000.0,229500.0,244000.0,247000.0,250000.0,273000.0,280000.0,291000.0,292000.0,296975.0,305000.0,296975.0,300000.0,300501.0,300000.0,312500.0,315000.0,322000.0,332500.0,370000.0,368750.0,368750.0,369500.0
E05006546,71500.0,75500.0,80000.0,86000.0,86000.0,89000.0,90750.0,93000.0,96750.0,107000.0,112000.0,114500.0,119950.0,127500.0,132250.0,140500.0,142750.0,145000.0,145750.0,149500.0,155500.0,157500.0,158000.0,158000.0,159995.0,160000.0,161000.0,164000.0,165000.0,165000.0,174950.0,184995.0,190000.0,195000.0,199475.0,194950.0,170000.0,158500.0,165000.0,165000.0,169500.0,170000.0,174950.0,178250.0,177000.0,177500.0,172500.0,170000.0,173750.0,172000.0,175000.0,183500.0,187000.0,187000.0,188000.0,191000.0,193000.0,205000.0,211500.0,219000.0,220000.0,225000.0,240500.0,243750.0,255000.0,260000.0,270500.0,270000.0,274500.0,277000.0,280000.0,286500.0,285000.0,285000.0,283000.0,275000.0,275000.0,270000.0,270000.0,269250.0
E05006547,131750.0,132250.0,141111.0,151000.0,115000.0,139000.0,178000.0,180000.0,189995.0,187995.0,177995.0,180000.0,185000.0,196000.0,208000.0,207500.0,220000.0,227000.0,240000.0,255000.0,274750.0,270000.0,245000.0,246500.0,248500.0,245000.0,249725.0,252500.0,246000.0,249975.0,249950.0,245000.0,249975.0,250000.0,260000.0,282500.0,249999.0,220000.0,240000.0,240000.0,250000.0,249975.0,271250.0,280000.0,297500.0,295000.0,250000.0,250000.0,250000.0,285000.0,285000.0,276750.0,285000.0,315000.0,365000.0,354475.0,360000.0,306000.0,301250.0,302500.0,304500.0,395000.0,450000.0,450000.0,362500.0,365000.0,365000.0,375000.0,430000.0,512500.0,585000.0,545000.0,425000.0,420000.0,402000.0,385000.0,390000.0,385000.0,398000.0,420000.0
E05006548,96750.0,100500.0,115000.0,120000.0,123000.0,127250.0,133000.0,134500.0,135000.0,138750.0,142000.0,145000.0,155000.0,172000.0,177500.0,180000.0,186500.0,196500.0,209500.0,215000.0,218250.0,218500.0,215000.0,201000.0,192500.0,189750.0,191000.0,200000.0,205000.0,225000.0,236250.0,240000.0,247000.0,247475.0,240000.0,238500.0,230000.0,210000.0,215000.0,207000.0,210000.0,222500.0,223250.0,225000.0,216500.0,210000.0,208550.0,207500.0,215000.0,215000.0,216250.0,222500.0,227000.0,236000.0,237000.0,238000.0,240000.0,240000.0,267000.0,282500.0,287750.0,290000.0,299000.0,299975.0,310000.0,310000.0,320000.0,330000.0,330000.0,337500.0,340000.0,353500.0,349000.0,320000.0,323500.0,320000.0,326000.0,310500.0,310000.0,300000.0
E05006549,94998.0,101625.0,115750.0,121250.0,122500.0,124500.0,130000.0,133000.0,135000.0,142250.0,149950.0,159950.0,166750.0,177000.0,181000.0,184000.0,186000.0,189995.0,195000.0,200000.0,201500.0,201000.0,200000.0,204000.0,200000.0,209500.0,215000.0,220000.0,229000.0,229975.0,236000.0,240000.0,242500.0,247500.0,245000.0,239600.0,225000.0,205000.0,205000.0,206500.0,206500.0,223750.0,235000.0,242500.0,245000.0,235000.0,233800.0,225000.0,226000.0,230000.0,237000.0,240250.0,236000.0,239000.0,240500.0,245500.0,247750.0,250000.0,250000.0,265000.0,270000.0,250000.0,267500.0,270000.0,290000.0,316500.0,299000.0,295000.0,295000.0,300000.0,334000.0,340000.0,355000.0,350000.0,350000.0,350000.0,344500.0,345000.0,349000.0,347000.0
E05006550,107500.0,115000.0,120000.0,127225.0,128000.0,130000.0,130000.0,135000.0,134000.0,140000.0,140000.0,150000.0,168000.0,175000.0,175000.0,168750.0,167250.0,175000.0,183000.0,185500.0,190000.0,190000.0,183500.0,190000.0,192250.0,208000.0,235000.0,245000.0,248000.0,249500.0,249995.0,249250.0,241500.0,230000.0,228250.0,226000.0,218000.0,227000.0,205000.0,207000.0,209000.0,210000.0,230000.0,239500.0,240000.0,240000.0,224000.0,219000.0,220000.0,227500.0,232750.0,236000.0,246250.0,249000.0,247500.0,243000.0,242000.0,242500.0,252630.0,284000.0,295000.0,294000.0,303500.0,315000.0,315000.0,330000.0,339644.0,340000.0,355000.0,347500.0,345648.0,340000.0,327500.0,336500.0,345750.0,350000.0,346250.0,340000.0,329000.0,322500.0
E05006551,139475.0,150000.0,177475.0,166013.0,162000.0,161000.0,165000.0,172500.0,180000.0,192500.0,200500.0,204000.0,215000.0,223500.0,232500.0,235000.0,247000.0,235000.0,232000.0,250000.0,247000.0,245000.0,250000.0,245000.0,249950.0,265000.0,285000.0,303000.0,303000.0,282125.0,279950.0,278975.0,276500.0,290000.0,290000.0,281250.0,277500.0,267500.0,268750.0,290500.0,340000.0,345000.0,325000.0,312650.0,300000.0,307000.0,330000.0,317500.0,320000.0,308000.0,321000.0,330000.0,330000.0,330000.0,356250.0,345000.0,349950.0,381500.0,384125.0,422250.0,460000.0,490000.0,487500.0,481250.0,475000.0,488000.0,489000.0,488000.0,495000.0,447500.0,425000.0,480000.0,531250.0,530000.0,550000.0,530000.0,525000.0,500000.0,500000.0,552500.0
E05006552,114750.0,120000.0,122500.0,127000.0,128975.0,132500.0,137250.0,137500.0,148300.0,151000.0,156500.0,173500.0,184000.0,196250.0,206500.0,206500.0,214000.0,215000.0,215000.0,224000.0,224998.0,224998.0,218500.0,214000.0,210000.0,220000.0,231000.0,235000.0,245000.0,240000.0,245000.0,248225.0,244500.0,250000.0,270000.0,275000.0,285000.0,277500.0,270500.0,249500.0,253750.0,250000.0,250000.0,250000.0,250000.0,250000.0,246000.0,250000.0,245500.0,247500.0,249000.0,249500.0,250000.0,270000.0,282500.0,309700.0,304000.0,294500.0,320000.0,330000.0,333000.0,330000.0,335000.0,345000.0,355000.0,360000.0,395000.0,388750.0,400000.0,395000.0,378750.0,377000.0,355000.0,350000.0,369000.0,385000.0,387500.0,390000.0,395000.0,399000.0
E05006553,131500.0,142200.0,156000.0,164000.0,165640.0,170000.0,170000.0,180000.0,180000.0,180000.0,190000.0,196000.0,205000.0,215000.0,215000.0,210000.0,219000.0,219000.0,235000.0,240000.0,255000.0,250000.0,240000.0,239000.0,235000.0,244950.0,245250.0,250000.0,250000.0,260000.0,290000.0,325000.0,325000.0,325000.0,317500.0,300000.0,297475.0,307500.0,263500.0,254100.0,264000.0,267250.0,290000.0,283000.0,283000.0,275000.0,275000.0,276000.0,278500.0,290000.0,295600.0,292800.0,302800.0,310000.0,315000.0,330000.0,345500.0,348750.0,348750.0,352000.0,353750.0,358000.0,407000.0,385000.0,380000.0,407000.0,420000.0,440000.0,460000.0,460000.0,437500.0,440000.0,410000.0,403000.0,425000.0,415000.0,447500.0,433125.0,416000.0,408000.0
E05006554,:,:,:,:,:,:,:,:,:,:,:,:,:,:,:,:,:,:,:,:,:,:,:,:,:,:,:,:,:,:,:,:,:,:,:,:,:,:,:,:,:,:,:,:,:,:,:,:,:,:,:,:,:,:,:,:,:,:,:,:,:,:,:,:,:,:,:,:,:,:,:,:,:,:,:,:,:,:,:,:
E05006555,126000.0,140000.0,145000.0,150000.0,150000.0,149850.0,150000.0,155000.0,156000.0,165500.0,180000.0,189950.0,192000.0,194975.0,193500.0,200000.0,200000.0,213500.0,227500.0,236000.0,244000.0,245000.0,236500.0,245000.0,243500.0,238000.0,249200.0,249950.0,249995.0,264375.0,290000.0,300000.0,300000.0,297250.0,275000.0,250000.0,243750.0,235000.0,240000.0,248250.0,250000.0,280000.0,285250.0,300500.0,295000.0,292750.0,283750.0,280000.0,250000.0,280000.0,286000.0,305000.0,325000.0,305000.0,307500.0,294000.0,312500.0,336890.0,372500.0,375000.0,375000.0,405000.0,410000.0,419000.0,445000.0,407500.0,460000.0,430250.0,415000.0,435000.0,400000.0,400000.0,432500.0,400000.0,480000.0,440000.0,437500.0,442500.0,437500.0,435250.0
E05006556,144950.0,157750.0,171500.0,185000.0,185000.0,190000.0,183000.0,175000.0,167500.0,166495.0,186875.0,201750.0,217500.0,226000.0,237500.0,240000.0,245000.0,245000.0,240000.0,247000.0,247000.0,250000.0,265000.0,250000.0,250000.0,255000.0,269000.0,271250.0,283750.0,294801.0,310555.0,332500.0,339000.0,352250.0,342500.0,335000.0,325000.0,310000.0,309500.0,313750.0,326500.0,323000.0,335000.0,328750.0,326750.0,320000.0,315000.0,320000.0,319500.0,326500.0,318500.0,322500.0,331000.0,347500.0,370000.0,375000.0,375000.0,375000.0,375000.0,394250.0,397500.0,420000.0,425000.0,426500.0,476500.0,466500.0,488500.0,490000.0,440000.0,440000.0,440000.0,495000.0,533750.0,550000.0,550000.0,505000.0,552500.0,510000.0,528500.0,535000.0
E05006557,110000.0,125000.0,126950.0,128950.0,132500.0,132000.0,131000.0,130000.0,130000.0,139000.0,146000.0,155000.0,163000.0,169000.0,171000.0,175000.0,175500.0,179975.0,180000.0,185000.0,186250.0,189000.0,191000.0,190000.0,192000.0,190000.0,197500.0,202500.0,213702.0,220000.0,220000.0,227750.0,232500.0,232500.0,230000.0,200000.0,199250.0,190000.0,190000.0,200500.0,205000.0,210000.0,210000.0,215000.0,209975.0,217375.0,220000.0,221000.0,225000.0,220000.0,225000.0,225000.0,240000.0,240000.0,244000.0,245000.0,245000.0,245000.0,250000.0,250000.0,260000.0,274000.0,279975.0,285000.0,292750.0,292000.0,292000.0,297000.0,300000.0,325000.0,332000.0,324000.0,320000.0,305000.0,310000.0,317000.0,325000.0,328500.0,327000.0,328500.0
E05006558,116000.0,125000.0,125000.0,128500.0,132000.0,140000.0,142250.0,144400.0,148000.0,153500.0,168500.0,178975.0,182250.0,191000.0,202000.0,215000.0,215000.0,220000.0,219975.0,221000.0,222000.0,215000.0,210000.0,210150.0,210000.0,214000.0,220000.0,220000.0,230000.0,240000.0,247500.0,250000.0,250000.0,250000.0,250000.0,246750.0,242000.0,236250.0,228000.0,222000.0,230000.0,235000.0,236000.0,237750.0,236000.0,233000.0,230000.0,238000.0,240000.0,247250.0,248000.0,250000.0,250000.0,249950.0,250000.0,250000.0,255000.0,270000.0,280000.0,281278.0,293000.0,298750.0,305000.0,315000.0,321250.0,339000.0,351000.0,350000.0,360000.0,361000.0,360000.0,368000.0,368000.0,367500.0,367750.0,366000.0,350000.0,350000.0,348000.0,346625.0
E05006559,116000.0,126500.0,140000.0,145000.0,147750.0,151750.0,154250.0,155000.0,159475.0,164500.0,175000.0,185000.0,190000.0,200000.0,206000.0,218000.0,217500.0,230000.0,240000.0,239500.0,237500.0,237000.0,232000.0,232500.0,230000.0,229000.0,235000.0,244625.0,250000.0,267500.0,275000.0,270000.0,270000.0,270000.0,262500.0,248000.0,234250.0,226500.0,221500.0,230100.0,250000.0,250000.0,265000.0,270000.0,270000.0,275000.0,282000.0,278500.0,281250.0,280000.0,282500.0,288750.0,280000.0,292250.0,295000.0,300000.0,315000.0,326000.0,337250.0,340000.0,351000.0,375000.0,397500.0,405000.0,421500.0,418000.0,425000.0,425000.0,435000.0,441000.0,472500.0,460000.0,440000.0,425000.0,417000.0,415000.0,417000.0,423000.0,427500.0,417500.0
E05006560,218000.0,245000.0,243975.0,250000.0,255800.0,266800.0,305000.0,300000.0,295000.0,291750.0,280500.0,325000.0,329500.0,352500.0,360000.0,378750.0,396000.0,395000.0,417000.0,437500.0,422500.0,408000.0,391750.0,391000.0,361000.0,438000.0,440000.0,427500.0,376500.0,337500.0,295000.0,430000.0,475000.0,475000.0,455000.0,450000.0,430000.0,432500.0,460000.0,457500.0,477500.0,462250.0,497500.0,530000.0,540000.0,604500.0,618750.0,635000.0,700000.0,697500.0,700000.0,649000.0,595000.0,607500.0,694013.0,712500.0,745000.0,740000.0,755000.0,875000.0,1000000.0,1000000.0,871250.0,935000.0,805000.0,843500.0,843500.0,863750.0,917500.0,952500.0,1200000.0,1038000.0,891000.0,795000.0,785000.0,817500.0,870000.0,907500.0,835000.0,782500.0
E05006561,83000.0,87500.0,91000.0,93750.0,98000.0,99995.0,102500.0,105000.0,110000.0,115000.0,121750.0,127750.0,133500.0,136000.0,140000.0,145000.0,148000.0,149250.0,150000.0,154250.0,155000.0,159000.0,165000.0,166000.0,166500.0,165500.0,168500.0,168000.0,170000.0,177750.0,183000.0,185000.0,190000.0,194863.0,188000.0,181500.0,166500.0,165000.0,170000.0,175000.0,179998.0,184000.0,190000.0,187000.0,184500.0,180000.0,174000.0,173000.0,175000.0,176500.0,180000.0,181000.0,182000.0,184500.0,186000.0,194500.0,193500.0,198000.0,215000.0,215500.0,220000.0,231300.0,234500.0,250000.0,252250.0,255000.0,270000.0,275000.0,275000.0,275000.0,280000.0,280000.0,280000.0,285000.0,278000.0,270500.0,280000.0,281000.0,278500.0,281000.0
E05006562,128975.0,134000.0,144000.0,145000.0,153000.0,152000.0,154000.0,159000.0,160000.0,170000.0,179950.0,190000.0,206600.0,216750.0,215000.0,210000.0,208500.0,210000.0,215000.0,225000.0,227250.0,237000.0,244500.0,236000.0,233000.0,235000.0,234750.0,233500.0,238975.0,242500.0,249500.0,250000.0,260000.0,250000.0,250000.0,249475.0,235000.0,231500.0,250000.0,250000.0,261250.0,265000.0,265000.0,265000.0,265000.0,283750.0,270000.0,276125.0,270000.0,272500.0,282500.0,280000.0,290000.0,281250.0,270000.0,275000.0,281250.0,290000.0,315000.0,334225.0,340500.0,349000.0,362000.0,361000.0,375000.0,385000.0,395000.0,411000.0,425000.0,437000.0,441000.0,423500.0,422500.0,412500.0,410000.0,425000.0,440000.0,434000.0,425000.0,390000.0
E05006563,112000.0,125000.0,127500.0,135000.0,127500.0,128000.0,128000.0,128000.0,137750.0,146375.0,148250.0,148250.0,162500.0,155000.0,174000.0,180000.0,193000.0,210500.0,210500.0,210000.0,199500.0,197000.0,184000.0,196000.0,211000.0,207750.0,207750.0,210000.0,201950.0,195000.0,227500.0,230000.0,250000.0,280000.0,250000.0,238500.0,233750.0,215500.0,218000.0,219995.0,219995.0,217500.0,220000.0,212500.0,212500.0,212500.0,220000.0,241250.0,245000.0,245000.0,227500.0,265000.0,260000.0,264975.0,263000.0,257000.0,248000.0,269000.0,255500.0,250000.0,260000.0,266000.0,267500.0,274250.0,280500.0,321500.0,350000.0,307000.0,350000.0,325000.0,360000.0,370000.0,322500.0,346250.0,362000.0,366250.0,375000.0,375000.0,342500.0,345000.0
E05006564,127500.0,134750.0,142000.0,150000.0,150000.0,169500.0,172000.0,172500.0,175000.0,178000.0,200250.0,210000.0,220000.0,231000.0,234500.0,237000.0,239450.0,238975.0,237000.0,249950.0,240000.0,222500.0,248750.0,250000.0,255500.0,289000.0,287800.0,289500.0,300000.0,296300.0,300000.0,300000.0,311000.0,325000.0,275000.0,275000.0,275000.0,250000.0,286250.0,287500.0,292500.0,292500.0,334000.0,352000.0,377475.0,375000.0,350000.0,320000.0,310000.0,340000.0,321000.0,359000.0,360000.0,360000.0,354000.0,341000.0,372944.0,365000.0,412789.0,425000.0,421750.0,450000.0,467500.0,475500.0,480000.0,492500.0,477500.0,475000.0,468250.0,475000.0,475000.0,450000.0,450000.0,450000.0,488500.0,498500.0,525000.0,525000.0,525000.0,581000.0
E05006565,227500.0,213000.0,245000.0,249950.0,250000.0,272500.0,289250.0,315000.0,300975.0,302000.0,300000.0,310000.0,350000.0,382500.0,385000.0,387920.0,410000.0,352500.0,335000.0,340000.0,345000.0,380000.0,392500.0,389250.0,350000.0,345000.0,355000.0,365000.0,385000.0,389500.0,386000.0,395000.0,371500.0,383000.0,420000.0,432500.0,425000.0,470000.0,445000.0,487000.0,499050.0,498100.0,498550.0,475000.0,495000.0,520000.0,510000.0,522000.0,500000.0,500000.0,550000.0,625000.0,625000.0,622500.0,625000.0,550000.0,585944.0,575000.0,635000.0,650000.0,712500.0,725000.0,900000.0,910000.0,820000.0,800000.0,600000.0,585000.0,561250.0,525000.0,625000.0,600000.0,625000.0,675000.0,750000.0,757500.0,765000.0,815000.0,866000.0,767500.0
E05006566,140000.0,146000.0,156000.0,160000.0,160000.0,165000.0,180000.0,184125.0,184750.0,185000.0,185000.0,185500.0,208000.0,235000.0,252395.0,250000.0,247000.0,227500.0,240000.0,245000.0,249900.0,250000.0,250000.0,267750.0,268000.0,269000.0,277500.0,287500.0,289000.0,297000.0,330000.0,330000.0,350000.0,335000.0,308750.0,306250.0,270000.0,245500.0,250000.0,264000.0,281500.0,279975.0,279975.0,281500.0,301250.0,322500.0,340000.0,331250.0,340000.0,341500.0,345000.0,344000.0,345000.0,325000.0,330000.0,338500.0,340000.0,354750.0,367000.0,385000.0,385000.0,385000.0,440000.0,475000.0,475000.0,475000.0,475000.0,495000.0,493000.0,532500.0,500000.0,500000.0,502500.0,507500.0,520000.0,470000.0,480000.0,480000.0,463000.0,460000.0
E05006567,165000.0,175000.0,188250.0,190000.0,190000.0,180000.0,185250.0,199975.0,220000.0,250000.0,275500.0,275000.0,290000.0,295000.0,327500.0,305000.0,325000.0,320000.0,290000.0,296300.0,292000.0,294150.0,304300.0,301800.0,295000.0,295000.0,295000.0,312500.0,320000.0,329975.0,360000.0,412500.0,440000.0,469460.0,520000.0,459730.0,425000.0,425000.0,352500.0,310000.0,327500.0,330375.0,367500.0,445000.0,445000.0,462500.0,441000.0,397000.0,388750.0,383750.0,420000.0,490000.0,515000.0,547500.0,563000.0,565000.0,569625.0,577500.0,598000.0,622500.0,695000.0,650000.0,645000.0,635000.0,680000.0,715500.0,762500.0,775000.0,792500.0,792500.0,810000.0,813750.0,813750.0,700000.0,715000.0,712000.0,680000.0,730000.0,740250.0,753500.0
E05006568,141250.0,151000.0,160000.0,162500.0,175000.0,175000.0,175000.0,175000.0,175000.0,177500.0,200000.0,210000.0,220000.0,238000.0,242000.0,250000.0,250000.0,261575.0,280000.0,290500.0,295000.0,295000.0,296500.0,276500.0,275000.0,265000.0,260250.0,264000.0,285000.0,290000.0,289500.0,295000.0,291250.0,292500.0,310000.0,297500.0,280000.0,280000.0,296000.0,291000.0,295000.0,300000.0,295750.0,300000.0,315000.0,321750.0,335000.0,380000.0,349500.0,346000.0,330000.0,323000.0,325000.0,325000.0,342500.0,350000.0,375000.0,400000.0,422255.0,433500.0,450000.0,477500.0,495000.0,537000.0,518000.0,500000.0,518000.0,535000.0,598000.0,595000.0,614000.0,625000.0,630000.0,620000.0,585000.0,615000.0,587000.0,595000.0,589500.0,543500.0
E05009733,149950.0,163750.0,173500.0,179950.0,183500.0,178725.0,175000.0,175000.0,171250.0,185000.0,194000.0,194000.0,215000.0,223500.0,225000.0,232000.0,229250.0,220000.0,220000.0,236000.0,232000.0,245000.0,250000.0,249995.0,245750.0,250000.0,265000.0,275000.0,275000.0,290000.0,296500.0,299950.0,310000.0,299950.0,315000.0,277500.0,260000.0,280000.0,280000.0,292500.0,295000.0,315000.0,300000.0,270000.0,275000.0,270000.0,274550.0,335000.0,325000.0,317500.0,311935.0,295000.0,294950.0,310935.0,336000.0,327000.0,325000.0,318000.0,310000.0,305000.0,315000.0,325000.0,356500.0,369950.0,375000.0,385000.0,366875.0,370000.0,365000.0,375000.0,415000.0,415750.0,415000.0,400000.0,397500.0,412500.0,410000.0,418975.0,429950.0,433000.0
E05009734,71500.0,79950.0,87000.0,95500.0,95500.0,90000.0,93000.0,90000.0,95500.0,108950.0,134250.0,137975.0,149500.0,147000.0,131500.0,170500.0,186225.0,177475.0,168725.0,159000.0,152500.0,179250.0,180500.0,165250.0,179995.0,160000.0,161000.0,170000.0,168500.0,174000.0,180000.0,192000.0,199950.0,199975.0,199975.0,212500.0,218750.0,281250.0,235000.0,232500.0,207500.0,207500.0,246250.0,246250.0,269500.0,266000.0,196500.0,237000.0,211000.0,235000.0,271500.0,193000.0,239000.0,193000.0,242500.0,264000.0,248000.0,285000.0,240000.0,240000.0,234975.0,234975.0,247000.0,240000.0,244000.0,250000.0,250000.0,260000.0,275000.0,284750.0,301750.0,301750.0,370000.0,286250.0,365000.0,307500.0,307500.0,307500.0,265000.0,266000.0
E05009735,130000.0,145000.0,147000.0,154950.0,155000.0,167000.0,160250.0,147500.0,147250.0,147750.0,174500.0,188000.0,190000.0,211500.0,230000.0,209000.0,211500.0,209000.0,204000.0,211000.0,230000.0,239950.0,259725.0,259975.0,250000.0,249500.0,271750.0,266750.0,277000.0,290000.0,288750.0,325000.0,305750.0,275000.0,267500.0,250000.0,250000.0,250000.0,250000.0,250000.0,250000.0,249975.0,244225.0,249950.0,312500.0,289120.0,320000.0,281595.0,267500.0,265000.0,267500.0,282000.0,270000.0,273750.0,260000.0,278500.0,290000.0,295250.0,303998.0,286250.0,295000.0,282000.0,330000.0,372500.0,372500.0,375000.0,395000.0,411000.0,408500.0,370000.0,342500.0,342500.0,332500.0,345500.0,351000.0,375000.0,386250.0,389750.0,361500.0,341000.0
E05009736,130000.0,138000.0,146750.0,147000.0,149000.0,146000.0,149250.0,154000.0,157500.0,165500.0,185000.0,190000.0,200000.0,202000.0,202000.0,223250.0,227500.0,230000.0,235000.0,226500.0,225000.0,233725.0,238000.0,271500.0,268225.0,246000.0,246000.0,245000.0,250000.0,279000.0,272500.0,280000.0,275000.0,270000.0,286000.0,291250.0,283750.0,256500.0,250000.0,247000.0,250000.0,250000.0,250000.0,275000.0,275000.0,275000.0,258000.0,250000.0,250000.0,267500.0,270000.0,257500.0,267000.0,270000.0,270000.0,279950.0,265000.0,265000.0,280000.0,297500.0,330000.0,364500.0,350000.0,345000.0,342500.0,338750.0,348000.0,352500.0,371000.0,375000.0,385000.0,399000.0,400000.0,415000.0,410000.0,410000.0,414000.0,414500.0,415000.0,418995.0
E05011701,153750.0,150000.0,157500.0,178000.0,175000.0,185000.0,185000.0,191750.0,198000.0,215000.0,218975.0,223500.0,240000.0,242000.0,249950.0,249973.0,249950.0,249950.0,249950.0,249950.0,250000.0,264000.0,250000.0,250000.0,250000.0,268500.0,269225.0,280000.0,291250.0,300000.0,336250.0,315500.0,296750.0,290000.0,273750.0,268000.0,276000.0,267500.0,275200.0,284000.0,282000.0,316250.0,307500.0,295000.0,307500.0,296500.0,348000.0,355000.0,355000.0,345000.0,330000.0,330000.0,335000.0,350000.0,350000.0,349950.0,337751.0,320750.0,323250.0,335251.0,347500.0,377500.0,380625.0,379000.0,388750.0,377000.0,383750.0,371250.0,377500.0,377500.0,368975.0,354000.0,351000.0,349950.0,350000.0,355000.0,355000.0,355000.0,360000.0,360000.0
E05011702,85000.0,89725.0,94500.0,96500.0,98100.0,103500.0,106000.0,108975.0,115000.0,121500.0,130000.0,134950.0,137950.0,143000.0,147500.0,148500.0,148000.0,150000.0,154950.0,159950.0,163000.0,165000.0,164950.0,165000.0,164950.0,166250.0,169950.0,173000.0,180000.0,186000.0,189950.0,194500.0,197000.0,196000.0,198500.0,192000.0,187000.0,183500.0,180000.0,175000.0,180500.0,185000.0,189475.0,188000.0,186750.0,186500.0,185000.0,187000.0,187750.0,188500.0,187000.0,187500.0,187500.0,192500.0,195000.0,199475.0,203750.0,210500.0,217750.0,225000.0,228000.0,235000.0,240000.0,250000.0,256750.0,260000.0,262500.0,265000.0,268998.0,268975.0,270000.0,273475.0,273975.0,273000.0,273000.0,274000.0,270000.0,275000.0,269995.0,276000.0
E05011703,85000.0,89973.0,94000.0,96000.0,99975.0,100000.0,111000.0,114750.0,117975.0,125000.0,134950.0,142500.0,145000.0,148000.0,149475.0,150000.0,154000.0,159000.0,167000.0,169995.0,169998.0,168000.0,170625.0,173000.0,175000.0,179950.0,180000.0,181000.0,183750.0,189950.0,200500.0,210000.0,222750.0,223000.0,220000.0,205000.0,192250.0,185000.0,175000.0,185000.0,188500.0,200000.0,205000.0,205000.0,205000.0,206500.0,208000.0,208000.0,207500.0,204000.0,205000.0,204500.0,206000.0,210000.0,216000.0,217250.0,223500.0,230000.0,231250.0,247000.0,248000.0,250000.0,255000.0,260000.0,270000.0,280000.0,285000.0,302000.0,302000.0,310000.0,302500.0,295000.0,295000.0,295000.0,291000.0,290000.0,290000.0,294500.0,300000.0,304000.0
E05009740,93500.0,97750.0,97000.0,104000.0,100500.0,99000.0,114000.0,118250.0,125995.0,132000.0,140000.0,140000.0,145000.0,151750.0,160000.0,162000.0,160000.0,161000.0,165000.0,165000.0,168000.0,169950.0,171000.0,174000.0,173500.0,181475.0,193000.0,191125.0,197000.0,199950.0,204950.0,206450.0,210000.0,210725.0,207950.0,209000.0,195950.0,183750.0,181000.0,189950.0,197000.0,206000.0,208000.0,210000.0,198250.0,185000.0,185000.0,195000.0,202750.0,215000.0,225000.0,236000.0,238000.0,227495.0,235000.0,227000.0,230000.0,244000.0,250000.0,261000.0,266000.0,277000.0,277000.0,285000.0,290000.0,294750.0,296000.0,300000.0,300000.0,302000.0,310000.0,311000.0,312000.0,300000.0,292500.0,295000.0,287000.0,285000.0,285000.0,292000.0
E05011704,172000.0,176500.0,182750.0,205000.0,231180.0,245000.0,299800.0,312500.0,265000.0,298250.0,249675.0,249950.0,267500.0,299000.0,307500.0,317500.0,331250.0,315000.0,325000.0,335539.0,335539.0,382500.0,345500.0,325000.0,302000.0,300000.0,320000.0,325000.0,352500.0,343250.0,374900.0,398750.0,440000.0,519975.0,620000.0,620000.0,525000.0,525000.0,487500.0,490000.0,500000.0,455000.0,455000.0,440000.0,443250.0,415000.0,370000.0,416590.0,360000.0,423975.0,449000.0,439000.0,449000.0,440000.0,375000.0,395000.0,442500.0,417500.0,492500.0,490000.0,425000.0,470000.0,452500.0,395000.0,455000.0,505000.0,480000.0,492500.0,480000.0,533333.0,542667.0,536667.0,535000.0,490000.0,434950.0,450000.0,450000.0,450000.0,499975.0,527500.0
E05009742,133000.0,157500.0,161250.0,197500.0,166000.0,160000.0,186000.0,190000.0,203500.0,200000.0,216250.0,201275.0,222500.0,240000.0,247250.0,280000.0,247500.0,245000.0,247750.0,273750.0,276500.0,275000.0,276250.0,250000.0,270000.0,312500.0,312500.0,325000.0,354500.0,335000.0,330000.0,337500.0,323500.0,320000.0,295000.0,285500.0,270500.0,245000.0,234000.0,236000.0,280000.0,329000.0,373000.0,371500.0,357750.0,338000.0,344000.0,307500.0,250000.0,300000.0,315000.0,319000.0,320000.0,327500.0,325000.0,322500.0,322500.0,302500.0,350475.0,365000.0,365000.0,370000.0,365000.0,380000.0,385000.0,390000.0,390000.0,411500.0,450000.0,450000.0,400000.0,400000.0,395000.0,400000.0,441000.0,419000.0,427000.0,448725.0,447500.0,470000.0
E05009743,194000.0,195750.0,207500.0,195000.0,197500.0,235000.0,245000.0,245000.0,270000.0,282500.0,292500.0,298750.0,290000.0,290000.0,272500.0,275000.0,275000.0,275000.0,294500.0,300000.0,357500.0,337500.0,375000.0,375000.0,373750.0,375000.0,340000.0,334000.0,325000.0,327500.0,360000.0,347500.0,350000.0,335000.0,350000.0,380000.0,430000.0,420000.0,356250.0,320000.0,373750.0,370000.0,400000.0,400000.0,389250.0,440000.0,387000.0,420000.0,451600.0,451600.0,445250.0,449750.0,430000.0,440000.0,435000.0,440000.0,441000.0,451500.0,487000.0,499950.0,470000.0,455000.0,456000.0,477500.0,487222.0,525000.0,512500.0,500000.0,562500.0,565000.0,625000.0,626500.0,620250.0,625500.0,610000.0,610000.0,630000.0,640000.0,636250.0,615000.0
E05011705,195000.0,200000.0,225000.0,249975.0,239950.0,240000.0,225000.0,225000.0,241250.0,242500.0,245000.0,248500.0,246000.0,275000.0,275000.0,303000.0,304500.0,297000.0,312500.0,299950.0,300000.0,300000.0,305000.0,310000.0,318500.0,313000.0,310000.0,299950.0,310000.0,320000.0,329950.0,363750.0,351725.0,365000.0,368000.0,317000.0,331000.0,324000.0,317000.0,375000.0,367500.0,340000.0,345000.0,327000.0,350000.0,355000.0,378500.0,450000.0,451250.0,450000.0,400000.0,350000.0,347500.0,325000.0,342500.0,392000.0,382500.0,380000.0,390000.0,388500.0,415000.0,435000.0,440000.0,460000.0,425000.0,411000.0,427500.0,435000.0,450000.0,455000.0,485000.0,465000.0,452500.0,445000.0,445000.0,416500.0,430000.0,451500.0,469995.0,449995.0
E05012853,170000.0,177000.0,188000.0,198250.0,208000.0,228788.0,228750.0,235500.0,236000.0,237000.0,241000.0,240000.0,247500.0,245000.0,250000.0,254000.0,262000.0,270000.0,285000.0,295000.0,295000.0,295000.0,289000.0,289000.0,295000.0,295000.0,325000.0,326000.0,335000.0,375000.0,375000.0,395000.0,385000.0,370000.0,380000.0,375000.0,345000.0,373000.0,345000.0,334000.0,335000.0,352500.0,360000.0,366000.0,400000.0,362817.0,360000.0,349000.0,349475.0,380000.0,400000.0,410000.0,390000.0,385000.0,378000.0,385000.0,410000.0,400000.0,399950.0,406000.0,399950.0,421645.0,440000.0,440000.0,460925.0,480000.0,500000.0,535000.0,565000.0,551551.0,555000.0,542000.0,500000.0,547500.0,549950.0,571250.0,569975.0,565975.0,575000.0,570000.0
E05011707,248725.0,249950.0,249975.0,260000.0,240000.0,267500.0,265000.0,270000.0,297500.0,269500.0,332500.0,341500.0,336500.0,330000.0,338000.0,355000.0,355000.0,361250.0,345000.0,347000.0,332500.0,440000.0,472500.0,440000.0,475000.0,395000.0,397500.0,422500.0,399950.0,434000.0,439000.0,434000.0,470000.0,490000.0,542000.0,522500.0,489250.0,370000.0,343500.0,390000.0,390000.0,425000.0,446225.0,425000.0,437475.0,452500.0,440000.0,460000.0,481250.0,454975.0,446000.0,460500.0,420000.0,405000.0,440000.0,447500.0,466000.0,480000.0,595100.0,540000.0,589000.0,600600.0,615000.0,630000.0,620000.0,617500.0,606000.0,615500.0,650000.0,621000.0,622000.0,626000.0,687000.0,684000.0,693000.0,711000.0,693000.0,690000.0,665000.0,651250.0
E05011708,132248.0,156500.0,159500.0,180000.0,200000.0,195000.0,195000.0,179950.0,185000.0,190500.0,210000.0,224500.0,223000.0,216750.0,235000.0,240000.0,246750.0,245000.0,233500.0,242000.0,247975.0,250000.0,250000.0,250000.0,244950.0,250000.0,280000.0,294975.0,305000.0,312000.0,320000.0,335000.0,325000.0,325000.0,318000.0,305000.0,295000.0,312500.0,300000.0,300000.0,311629.0,318000.0,332500.0,352500.0,342500.0,350000.0,297000.0,305000.0,365000.0,300000.0,313000.0,285000.0,285000.0,297500.0,308383.0,350000.0,319950.0,350000.0,350000.0,316250.0,360000.0,360000.0,370000.0,377500.0,385000.0,397500.0,370000.0,388750.0,405000.0,411750.0,425000.0,408000.0,406500.0,405000.0,421250.0,426250.0,467000.0,485000.0,465000.0,470000.0
E05012854,216000.0,230500.0,240000.0,249500.0,271000.0,270000.0,249975.0,250000.0,249950.0,253750.0,270000.0,270000.0,280000.0,275000.0,279475.0,279950.0,281500.0,295500.0,310000.0,360000.0,360000.0,340750.0,322000.0,330000.0,320000.0,330000.0,360000.0,371000.0,388750.0,405000.0,425000.0,450000.0,430000.0,449950.0,471500.0,445000.0,442000.0,372500.0,348000.0,370000.0,378500.0,400000.0,428750.0,440000.0,440000.0,406000.0,427250.0,402500.0,417250.0,440998.0,428000.0,439995.0,425000.0,435000.0,470750.0,485000.0,490000.0,499975.0,540000.0,510000.0,520000.0,520000.0,486250.0,548000.0,545000.0,530000.0,570000.0,545000.0,540000.0,535000.0,535000.0,542000.0,565000.0,575000.0,539000.0,520000.0,512000.0,511000.0,615000.0,616250.0
E05009749,104000.0,111000.0,120000.0,125750.0,133675.0,140000.0,140750.0,142500.0,145475.0,148000.0,159950.0,170000.0,175000.0,185000.0,189475.0,192000.0,195350.0,198875.0,200000.0,202500.0,202500.0,203125.0,202500.0,208000.0,210000.0,212000.0,225000.0,225000.0,225000.0,225000.0,230000.0,241500.0,241000.0,247000.0,245000.0,240000.0,255000.0,235000.0,225750.0,216750.0,222750.0,230000.0,243000.0,245500.0,241000.0,232000.0,244500.0,249950.0,249995.0,262500.0,256250.0,250000.0,249950.0,245000.0,246500.0,249950.0,260000.0,275000.0,285000.0,290000.0,286500.0,280000.0,280000.0,295000.0,320000.0,340000.0,362475.0,381250.0,387500.0,407000.0,409500.0,415000.0,425000.0,440000.0,439975.0,449950.0,429975.0,425000.0,394000.0,375000.0
E05011710,106750.0,113250.0,120000.0,127000.0,127500.0,130000.0,126750.0,139950.0,139950.0,156000.0,185000.0,198475.0,199950.0,198975.0,197500.0,189498.0,190000.0,192000.0,197000.0,208000.0,209000.0,210000.0,201500.0,207500.0,206000.0,210000.0,220000.0,225000.0,233000.0,236000.0,242000.0,260000.0,250000.0,250000.0,249950.0,245000.0,235000.0,216500.0,220000.0,222500.0,230000.0,237500.0,249475.0,249950.0,249975.0,250000.0,245000.0,250000.0,249950.0,249950.0,250000.0,249000.0,250000.0,249950.0,250000.0,250000.0,250000.0,250000.0,272500.0,282500.0,290000.0,290000.0,290000.0,307500.0,325000.0,329975.0,335000.0,335000.0,335000.0,350000.0,350000.0,355000.0,371000.0,365000.0,355000.0,365000.0,358750.0,390000.0,397500.0,385000.0
E05009751,150475.0,154000.0,164750.0,184000.0,180000.0,192800.0,190000.0,190000.0,190000.0,194300.0,225000.0,248250.0,249500.0,270000.0,270000.0,270000.0,273750.0,286000.0,290475.0,277000.0,271250.0,268750.0,270000.0,275000.0,270000.0,250000.0,310000.0,310000.0,315000.0,340000.0,320000.0,335000.0,342500.0,313750.0,295000.0,260000.0,247500.0,295000.0,355000.0,468500.0,370000.0,380000.0,354250.0,350000.0,350000.0,292500.0,300000.0,285000.0,307500.0,352500.0,332500.0,345000.0,325000.0,325000.0,316250.0,370000.0,356250.0,357500.0,367500.0,367500.0,375000.0,352500.0,375000.0,357500.0,384000.0,408500.0,447500.0,427000.0,417000.0,405000.0,405000.0,422500.0,452500.0,575000.0,504250.0,703000.0,470000.0,410000.0,423750.0,413750.0
E05011711,138750.0,145500.0,144950.0,136250.0,135000.0,140000.0,146750.0,151000.0,153000.0,156000.0,171500.0,184000.0,194000.0,200000.0,194000.0,198600.0,206500.0,211000.0,230000.0,233000.0,220000.0,220000.0,220000.0,220000.0,235000.0,235000.0,245000.0,247000.0,250000.0,248250.0,248250.0,243500.0,243600.0,252500.0,265000.0,282500.0,282500.0,290000.0,270000.0,250000.0,250000.0,255000.0,255000.0,255000.0,250000.0,241500.0,241500.0,243000.0,281000.0,243750.0,280000.0,281000.0,285000.0,318500.0,320000.0,300000.0,302500.0,297500.0,305000.0,333000.0,325000.0,320000.0,327500.0,313000.0,330000.0,332500.0,341000.0,360000.0,382500.0,420000.0,404500.0,435000.0,445000.0,410000.0,421500.0,382500.0,425000.0,397500.0,390000.0,400000.0
E05011712,240000.0,253750.0,268000.0,286000.0,275000.0,250000.0,268000.0,266500.0,274750.0,318313.0,300000.0,300000.0,345000.0,332500.0,362500.0,360000.0,365000.0,372500.0,360000.0,378700.0,379350.0,353000.0,360500.0,377500.0,355000.0,365000.0,420000.0,425000.0,430000.0,430000.0,430000.0,445000.0,450000.0,470000.0,421250.0,402000.0,400000.0,411000.0,401000.0,407500.0,425713.0,430000.0,508750.0,535000.0,453500.0,400000.0,396500.0,400000.0,441250.0,472500.0,492500.0,435500.0,414000.0,416000.0,465000.0,457000.0,453750.0,456000.0,451250.0,507500.0,520000.0,500000.0,495000.0,500000.0,560000.0,580000.0,686500.0,740000.0,585000.0,675000.0,615000.0,649000.0,690000.0,631500.0,620000.0,639000.0,605000.0,626500.0,600000.0,585000.0
E05009754,89000.0,92500.0,93725.0,109000.0,115000.0,120000.0,125000.0,138000.0,141000.0,145000.0,145000.0,145000.0,149950.0,167000.0,175000.0,199975.0,195000.0,177000.0,184995.0,181500.0,189950.0,193000.0,190000.0,194995.0,199995.0,204245.0,214000.0,225498.0,234973.0,230845.0,230923.0,224950.0,220000.0,222000.0,224000.0,224950.0,228500.0,239250.0,220000.0,215000.0,235000.0,210000.0,220000.0,229500.0,235000.0,240000.0,239000.0,228000.0,215000.0,206750.0,211500.0,245000.0,248100.0,269095.0,272048.0,246000.0,265000.0,248475.0,250000.0,249950.0,235000.0,246000.0,249975.0,260000.0,258000.0,250000.0,245500.0,247500.0,265000.0,280000.0,290000.0,292500.0,290000.0,318750.0,317500.0,285000.0,275000.0,275000.0,275000.0,288000.0
E05009755,88950.0,94950.0,98000.0,103000.0,105000.0,110250.0,115000.0,125500.0,130000.0,152000.0,163100.0,167500.0,169950.0,167500.0,170750.0,179750.0,181500.0,181500.0,182000.0,176500.0,174000.0,173000.0,172000.0,177000.0,177500.0,180000.0,184500.0,188000.0,195000.0,205000.0,217250.0,210000.0,215000.0,202275.0,197250.0,196750.0,196500.0,197250.0,196500.0,189000.0,189000.0,190000.0,196250.0,200000.0,201000.0,203000.0,197500.0,194000.0,187975.0,205000.0,210000.0,200000.0,189999.0,193500.0,200000.0,205000.0,215000.0,225000.0,228475.0,243000.0,241500.0,240000.0,247000.0,255000.0,270000.0,270000.0,280000.0,273750.0,270000.0,280000.0,283750.0,289000.0,292500.0,298000.0,290000.0,291500.0,290000.0,283428.0,287500.0,280000.0
E05012970,95000.0,106975.0,114248.0,117500.0,124500.0,133375.0,140000.0,155000.0,143950.0,146500.0,145100.0,144975.0,154000.0,165000.0,170750.0,181975.0,185500.0,191725.0,189950.0,189500.0,189950.0,180000.0,173000.0,179950.0,180500.0,188250.0,205000.0,217000.0,224950.0,239000.0,249950.0,250000.0,265000.0,250000.0,240000.0,237000.0,232500.0,219000.0,227500.0,215000.0,215000.0,215000.0,235000.0,235000.0,229000.0,235000.0,220000.0,215000.0,226000.0,249999.0,250000.0,250000.0,255000.0,250000.0,249999.0,242500.0,245500.0,245000.0,272000.0,271000.0,260000.0,285000.0,316000.0,310000.0,310000.0,310000.0,300000.0,350000.0,362500.0,365000.0,365000.0,365000.0,365000.0,325000.0,335000.0,350000.0,330000.0,365000.0,365000.0,331000.0
E05009757,100000.0,108000.0,110000.0,114000.0,117000.0,120000.0,128000.0,128250.0,129950.0,139000.0,150975.0,159475.0,165000.0,172500.0,178500.0,194950.0,186000.0,188975.0,191750.0,189975.0,195000.0,191000.0,193000.0,195000.0,191500.0,203000.0,220000.0,224500.0,231000.0,230000.0,241250.0,239950.0,240000.0,238250.0,227250.0,219950.0,210000.0,210000.0,210000.0,207500.0,207500.0,210000.0,220500.0,249000.0,243000.0,249000.0,230000.0,230000.0,230000.0,228500.0,234000.0,233000.0,233000.0,235000.0,232000.0,235000.0,236500.0,242250.0,265000.0,275000.0,272750.0,275000.0,279000.0,280000.0,290000.0,300000.0,312500.0,312500.0,305000.0,300000.0,294000.0,300000.0,311000.0,315000.0,316500.0,319500.0,310000.0,297500.0,302500.0,317500.0
E05012971,92000.0,99950.0,107250.0,115000.0,115000.0,117250.0,121975.0,126250.0,130000.0,137000.0,146500.0,149950.0,154975.0,156000.0,160000.0,165000.0,165000.0,169975.0,179950.0,183000.0,185000.0,187500.0,187500.0,185250.0,189950.0,187500.0,189975.0,202000.0,197000.0,205000.0,214950.0,215000.0,223000.0,229750.0,239000.0,239500.0,214000.0,197750.0,192250.0,195000.0,195000.0,200000.0,206000.0,211250.0,217500.0,227500.0,227500.0,218750.0,215000.0,212500.0,213000.0,221000.0,230750.0,231500.0,238225.0,241000.0,249950.0,249950.0,249950.0,249950.0,249950.0,250000.0,272500.0,282500.0,290000.0,295000.0,317500.0,325000.0,315000.0,311250.0,308000.0,310000.0,325834.0,320000.0,335000.0,335000.0,325000.0,325000.0,309000.0,315000.0
E05011713,142450.0,145000.0,175000.0,184000.0,184000.0,190000.0,175000.0,162000.0,162000.0,162000.0,182500.0,229500.0,230000.0,223500.0,222000.0,227500.0,221250.0,250000.0,250000.0,238950.0,249000.0,250000.0,236975.0,246500.0,245000.0,245000.0,279975.0,287500.0,295000.0,295000.0,286000.0,289000.0,287500.0,305000.0,297500.0,290000.0,290000.0,247000.0,262500.0,250000.0,250000.0,305000.0,325000.0,332500.0,345000.0,342500.0,323000.0,295000.0,314750.0,275000.0,303000.0,320000.0,299995.0,293750.0,315000.0,310000.0,310000.0,320000.0,345000.0,378500.0,355000.0,339000.0,320000.0,314000.0,310000.0,325000.0,327250.0,335000.0,340000.0,340000.0,340000.0,340000.0,345000.0,350000.0,352000.0,360000.0,350000.0,350000.0,350000.0,345250.0
E05012972,127000.0,129950.0,135500.0,145000.0,145000.0,145000.0,145000.0,149975.0,157000.0,169950.0,180000.0,185500.0,190500.0,192000.0,193000.0,194250.0,196500.0,205000.0,232500.0,232000.0,239000.0,239500.0,227500.0,240000.0,238000.0,238000.0,239950.0,238750.0,244000.0,249950.0,250000.0,265000.0,275000.0,275000.0,275000.0,275000.0,264000.0,240000.0,220500.0,220000.0,225000.0,241750.0,250000.0,250000.0,255950.0,269950.0,250000.0,260000.0,250000.0,261000.0,283500.0,290250.0,297475.0,285000.0,285500.0,285000.0,295000.0,315000.0,309380.0,322498.0,317500.0,305000.0,370000.0,404950.0,417498.0,452475.0,435000.0,410000.0,410000.0,390000.0,382250.0,390000.0,390000.0,400000.0,403500.0,403000.0,387500.0,382500.0,377500.0,365000.0
E05011714,155000.0,160750.0,172475.0,177500.0,185000.0,192000.0,183500.0,190000.0,190000.0,207500.0,242500.0,234500.0,246000.0,247500.0,235000.0,258500.0,238500.0,262000.0,261000.0,250000.0,276000.0,274000.0,270000.0,275000.0,272500.0,299950.0,315000.0,352500.0,345500.0,360000.0,381500.0,375000.0,377500.0,370000.0,353000.0,330000.0,322500.0,297500.0,262500.0,277500.0,318750.0,310000.0,320000.0,340000.0,318000.0,332000.0,315000.0,285250.0,300000.0,307475.0,322500.0,309950.0,312000.0,332000.0,335500.0,346250.0,367475.0,347500.0,360000.0,389950.0,392475.0,408975.0,424950.0,375000.0,368500.0,366000.0,357250.0,395000.0,435000.0,440000.0,445000.0,425000.0,422000.0,406725.0,420000.0,452000.0,430000.0,420000.0,405000.0,395000.0
E05011715,137000.0,138000.0,138975.0,140000.0,146500.0,146500.0,151500.0,165000.0,172000.0,179000.0,198000.0,203000.0,215628.0,204000.0,205000.0,201250.0,198750.0,232200.0,237500.0,242475.0,239000.0,242475.0,225000.0,223000.0,225000.0,259000.0,244000.0,258625.0,267500.0,247500.0,250000.0,250000.0,258750.0,294475.0,290000.0,282500.0,250000.0,250000.0,250000.0,270000.0,270000.0,275000.0,270000.0,249725.0,293000.0,295000.0,298750.0,312000.0,296250.0,298750.0,275000.0,271250.0,271250.0,258000.0,286000.0,277750.0,278000.0,277750.0,315000.0,326500.0,334000.0,340000.0,290000.0,287500.0,295000.0,366475.0,355000.0,360000.0,364950.0,348500.0,360000.0,365000.0,370000.0,410000.0,416975.0,420475.0,400000.0,435000.0,454750.0,470000.0
E05012973,88001.0,93000.0,105000.0,114750.0,125000.0,128498.0,135500.0,140000.0,138000.0,148995.0,136500.0,136500.0,140000.0,140000.0,148000.0,158000.0,163000.0,172000.0,174500.0,174950.0,176225.0,182500.0,189700.0,187995.0,189975.0,190950.0,188000.0,195000.0,195000.0,194475.0,199995.0,204225.0,200000.0,204250.0,190000.0,184950.0,180000.0,189000.0,197500.0,200000.0,200000.0,208253.0,211123.0,211123.0,211825.0,211825.0,212500.0,199950.0,199975.0,190000.0,195000.0,209950.0,215000.0,225000.0,215000.0,224500.0,220000.0,216450.0,220000.0,219250.0,225000.0,235000.0,235925.0,243000.0,245000.0,245000.0,241000.0,235000.0,232500.0,231250.0,240000.0,258500.0,271000.0,270000.0,274500.0,274000.0,253500.0,265000.0,255000.0,255000.0
E05012974,86500.0,95000.0,101000.0,105000.0,108000.0,108000.0,112000.0,114475.0,120000.0,121950.0,129950.0,130000.0,135000.0,142650.0,151000.0,154500.0,153000.0,152500.0,153000.0,152000.0,154000.0,157950.0,159500.0,163750.0,165000.0,168975.0,169950.0,170500.0,169950.0,175000.0,180250.0,185000.0,188500.0,187000.0,185500.0,187000.0,197250.0,186000.0,180000.0,184000.0,174500.0,184250.0,191500.0,190000.0,189625.0,186250.0,197000.0,202000.0,196000.0,197250.0,184000.0,183500.0,180000.0,185000.0,184625.0,189975.0,198750.0,192500.0,210500.0,226250.0,229995.0,239995.0,242995.0,250000.0,267500.0,281500.0,300000.0,300000.0,300000.0,309000.0,316498.0,324998.0,328748.0,322995.0,320000.0,314995.0,299500.0,300000.0,300000.0,304995.0
E05012975,112125.0,113950.0,112600.0,123000.0,126000.0,133000.0,131000.0,129975.0,137500.0,154000.0,185000.0,185250.0,192750.0,195000.0,192500.0,186750.0,163000.0,182950.0,175000.0,185000.0,192000.0,185000.0,199950.0,217500.0,230000.0,230000.0,227500.0,200000.0,212500.0,220000.0,233500.0,247475.0,249950.0,265500.0,275000.0,277000.0,256000.0,420000.0,243276.0,230000.0,230000.0,230000.0,258475.0,267000.0,249950.0,244000.0,232500.0,235000.0,245000.0,278500.0,358750.0,338750.0,290000.0,250000.0,250000.0,249950.0,250000.0,249500.0,280000.0,280000.0,275000.0,280000.0,287500.0,312500.0,302500.0,305000.0,357500.0,318750.0,327500.0,343750.0,355000.0,365000.0,355000.0,360000.0,295000.0,320000.0,320000.0,351950.0,394975.0,415450.0
E05012976,120000.0,130500.0,145000.0,164500.0,175000.0,180500.0,171000.0,178000.0,185000.0,190530.0,195995.0,205000.0,213663.0,245000.0,244750.0,240000.0,246750.0,236500.0,238000.0,235000.0,223000.0,230000.0,237500.0,250000.0,250000.0,250000.0,250000.0,261500.0,275000.0,284950.0,285000.0,295250.0,308000.0,286500.0,285000.0,245000.0,240000.0,245000.0,245000.0,247500.0,255500.0,265000.0,271250.0,277000.0,280000.0,280000.0,296250.0,290000.0,287025.0,290000.0,285000.0,290000.0,294000.0,300000.0,310000.0,305000.0,305000.0,291000.0,305000.0,325000.0,346250.0,356500.0,356500.0,356500.0,365000.0,365000.0,378500.0,375264.0,377250.0,378750.0,380000.0,383000.0,380000.0,375000.0,372500.0,385000.0,400000.0,400000.0,391000.0,394625.0
E05012992,149725.0,149500.0,145000.0,176500.0,178000.0,178000.0,184500.0,184000.0,184500.0,184000.0,217500.0,217500.0,225000.0,227000.0,238000.0,246250.0,240000.0,221500.0,242500.0,284000.0,290000.0,284500.0,282000.0,280000.0,285000.0,301250.0,287500.0,287500.0,285000.0,298750.0,348000.0,357500.0,351500.0,348000.0,296250.0,290000.0,290000.0,287500.0,285000.0,285000.0,297500.0,320000.0,320000.0,367500.0,355000.0,355000.0,376500.0,350000.0,352400.0,352400.0,315000.0,318750.0,369400.0,319000.0,333000.0,333000.0,333000.0,342500.0,345000.0,385000.0,397500.0,420000.0,425000.0,425000.0,430000.0,422000.0,435000.0,441500.0,460000.0,455000.0,419078.0,425000.0,418155.0,430000.0,420000.0,420000.0,425000.0,422500.0,430000.0,421250.0
E05012977,134950.0,145000.0,157750.0,157750.0,158000.0,167500.0,170000.0,169950.0,168975.0,168975.0,169950.0,178000.0,184750.0,193000.0,205000.0,222500.0,241000.0,249999.0,249975.0,250000.0,247500.0,226250.0,233500.0,233500.0,237000.0,266000.0,286500.0,309750.0,327250.0,327250.0,325000.0,290385.0,290385.0,300000.0,300000.0,321000.0,322500.0,295000.0,306250.0,306250.0,306250.0,302500.0,307500.0,307500.0,316000.0,316000.0,315000.0,343750.0,347500.0,380000.0,375000.0,375000.0,344000.0,280000.0,250000.0,285000.0,340000.0,302500.0,327525.0,340000.0,365000.0,385000.0,395000.0,390500.0,382500.0,390500.0,385000.0,387500.0,397500.0,385000.0,392500.0,395000.0,425000.0,425000.0,425000.0,445000.0,423750.0,422500.0,405000.0,372500.0
E05009769,155000.0,170000.0,150000.0,160000.0,165000.0,165000.0,195000.0,207000.0,199000.0,232500.0,249000.0,250000.0,250000.0,271878.0,296878.0,281878.0,270000.0,260000.0,250000.0,249000.0,250000.0,265000.0,285000.0,292000.0,273500.0,295000.0,279000.0,250000.0,293600.0,319000.0,356000.0,420000.0,426875.0,422500.0,471000.0,473500.0,341950.0,301250.0,260000.0,244750.0,305000.0,340000.0,355000.0,367000.0,345000.0,370000.0,356000.0,370000.0,370000.0,365000.0,360000.0,330000.0,330000.0,320000.0,320000.0,315000.0,275000.0,315582.0,345000.0,350000.0,355500.0,405000.0,430000.0,452000.0,447500.0,432500.0,450000.0,401500.0,407500.0,485500.0,467500.0,490000.0,492500.0,400000.0,427500.0,430000.0,428750.0,402500.0,400000.0,395000.0
E05009770,110000.0,110000.0,120000.0,147000.0,157500.0,149500.0,145375.0,139350.0,149950.0,144500.0,159950.0,181178.0,179995.0,195000.0,198420.0,199498.0,211000.0,230000.0,250000.0,250000.0,250000.0,245000.0,205000.0,193950.0,218500.0,218500.0,226650.0,236000.0,246000.0,240000.0,232500.0,230000.0,230000.0,244975.0,249475.0,249000.0,218750.0,248000.0,248000.0,235000.0,250000.0,226000.0,230500.0,278500.0,236500.0,261500.0,245000.0,234000.0,260000.0,284000.0,284000.0,305000.0,305000.0,237500.0,217500.0,220000.0,229000.0,237500.0,250000.0,249995.0,250000.0,252000.0,262500.0,280000.0,295000.0,301500.0,303000.0,380000.0,360000.0,350500.0,350500.0,329950.0,375000.0,375000.0,350000.0,350000.0,340000.0,342500.0,340000.0,322500.0
E05009771,139000.0,159000.0,160975.0,162000.0,170250.0,227500.0,208000.0,217000.0,196250.0,190000.0,210000.0,210000.0,217750.0,220000.0,225500.0,225500.0,247000.0,245500.0,250000.0,250000.0,250000.0,249250.0,250000.0,250000.0,250000.0,255500.0,250000.0,290000.0,275000.0,299950.0,315000.0,310000.0,320000.0,333000.0,320000.0,297000.0,299950.0,299975.0,299950.0,300000.0,298000.0,286000.0,352700.0,350000.0,320000.0,333500.0,301050.0,325000.0,346000.0,370000.0,360000.0,320000.0,298000.0,306500.0,306500.0,318750.0,327500.0,330000.0,361000.0,320000.0,315000.0,352500.0,375000.0,475000.0,522500.0,549950.0,550000.0,450000.0,439000.0,399000.0,399950.0,410000.0,417000.0,435950.0,440375.0,445500.0,461000.0,411500.0,362500.0,405000.0
E05011717,149028.0,165475.0,249900.0,279500.0,230000.0,190000.0,184975.0,182750.0,183000.0,182500.0,196000.0,200000.0,202500.0,220000.0,205000.0,222250.0,243000.0,240000.0,240000.0,233000.0,235100.0,250000.0,279500.0,298000.0,272500.0,252500.0,250000.0,250000.0,260000.0,278750.0,324500.0,328000.0,344000.0,448500.0,406000.0,412000.0,375000.0,277500.0,277500.0,265000.0,278750.0,299950.0,325000.0,310000.0,290000.0,250000.0,269600.0,269600.0,275000.0,309500.0,385000.0,425000.0,443000.0,398750.0,325000.0,332500.0,325000.0,306000.0,302000.0,301000.0,305250.0,320000.0,385000.0,375000.0,410000.0,412475.0,415450.0,424950.0,419975.0,432950.0,405000.0,398000.0,355000.0,349995.0,350500.0,339998.0,330000.0,326500.0,319995.0,319995.0
E05011718,185000.0,183000.0,190000.0,210000.0,190000.0,215000.0,220000.0,227500.0,229950.0,280000.0,325000.0,337500.0,345000.0,319000.0,275000.0,290000.0,287000.0,290000.0,332000.0,332000.0,375000.0,395000.0,357750.0,345000.0,332500.0,357750.0,384000.0,389975.0,389950.0,340000.0,427500.0,425000.0,437500.0,425000.0,400000.0,400000.0,400000.0,513000.0,526000.0,485000.0,460000.0,437500.0,447500.0,455000.0,437500.0,399950.0,420000.0,452500.0,420000.0,432000.0,375000.0,345000.0,340000.0,370000.0,392500.0,400000.0,400000.0,397500.0,400000.0,487500.0,490000.0,520000.0,504000.0,482500.0,492750.0,515000.0,560000.0,560000.0,520000.0,520000.0,517000.0,495100.0,517000.0,444995.0,425000.0,436498.0,478500.0,490130.0,530000.0,570000.0
E05012978,105000.0,112475.0,129000.0,129500.0,129500.0,131000.0,128000.0,128000.0,131750.0,134000.0,150000.0,155000.0,165000.0,176500.0,186500.0,203500.0,203250.0,200500.0,193750.0,186725.0,187250.0,192950.0,195000.0,205000.0,208000.0,199000.0,203500.0,195975.0,189999.0,215000.0,217750.0,210000.0,208750.0,204250.0,204250.0,210000.0,206500.0,196250.0,197500.0,200000.0,200000.0,210000.0,216500.0,215500.0,210000.0,210000.0,210000.0,210000.0,215000.0,225500.0,241500.0,241500.0,230500.0,225000.0,216500.0,220100.0,238200.0,245000.0,240000.0,230750.0,230750.0,230000.0,240000.0,238725.0,240000.0,242500.0,269950.0,285000.0,289950.0,285000.0,290110.0,280000.0,275500.0,287613.0,295000.0,295000.0,303998.0,304995.0,303000.0,302250.0
E05012979,110000.0,110000.0,111000.0,117000.0,131500.0,131500.0,132250.0,130000.0,130000.0,140000.0,156000.0,165000.0,171250.0,175500.0,171498.0,177000.0,175000.0,175500.0,179225.0,189000.0,198750.0,209871.0,217500.0,198725.0,199475.0,198000.0,194950.0,221750.0,223975.0,229950.0,229475.0,231000.0,231629.0,224500.0,219000.0,199975.0,185500.0,173500.0,169995.0,171500.0,172000.0,185000.0,195000.0,201000.0,190000.0,193500.0,225000.0,235000.0,240000.0,250000.0,248250.0,240250.0,225000.0,220000.0,220000.0,210000.0,225250.0,205000.0,205000.0,211250.0,200000.0,200500.0,249950.0,254950.0,254950.0,261250.0,264975.0,272000.0,300000.0,290000.0,256250.0,250000.0,251250.0,257000.0,292500.0,300000.0,305000.0,300000.0,315000.0,310000.0
E05012980,135000.0,142500.0,162500.0,170000.0,176500.0,176250.0,176000.0,175000.0,175000.0,190000.0,183000.0,196000.0,196000.0,192475.0,200000.0,201500.0,215000.0,235000.0,235395.0,248000.0,245950.0,246625.0,275000.0,280000.0,282500.0,275000.0,250000.0,262000.0,266750.0,275150.0,292750.0,319750.0,327000.0,350000.0,290000.0,275000.0,275000.0,260875.0,250000.0,242500.0,245000.0,250000.0,295000.0,345000.0,332250.0,308750.0,290000.0,280000.0,279500.0,275000.0,270000.0,285000.0,303750.0,325000.0,300000.0,262495.0,254795.0,257398.0,261995.0,268995.0,298000.0,340501.0,350000.0,365000.0,359998.0,347498.0,349998.0,347498.0,327500.0,372475.0,379973.0,375000.0,383975.0,340000.0,350000.0,339995.0,338000.0,331000.0,330000.0,350000.0
E05011719,149500.0,151000.0,155000.0,167550.0,159500.0,164000.0,181225.0,195000.0,193000.0,195000.0,197000.0,197000.0,222500.0,220000.0,246250.0,289500.0,302475.0,265000.0,270000.0,264000.0,268500.0,300000.0,280250.0,275000.0,260995.0,270995.0,269995.0,265000.0,279950.0,279950.0,310000.0,385000.0,411000.0,388750.0,355000.0,368000.0,348500.0,307500.0,335000.0,290000.0,290000.0,328750.0,355000.0,341250.0,347500.0,340000.0,295000.0,331250.0,325000.0,314250.0,370000.0,325500.0,307500.0,282000.0,282500.0,347500.0,337750.0,335000.0,382500.0,394000.0,425000.0,450000.0,375000.0,366250.0,397500.0,397500.0,439950.0,435000.0,383725.0,370000.0,360000.0,370000.0,385000.0,395000.0,395000.0,413650.0,400000.0,420000.0,450000.0,445500.0
E05006627,177500.0,180000.0,180000.0,196250.0,207500.0,207500.0,198750.0,179005.0,179005.0,183000.0,182500.0,209000.0,232500.0,225000.0,232500.0,242500.0,247500.0,275000.0,335975.0,335975.0,377500.0,385000.0,420000.0,395000.0,390000.0,385000.0,340000.0,355000.0,340000.0,340000.0,362000.0,385000.0,423750.0,385000.0,363000.0,499950.0,377500.0,467500.0,365000.0,325000.0,335000.0,410000.0,430000.0,430000.0,440000.0,425550.0,423275.0,421000.0,420500.0,250000.0,290000.0,322500.0,351500.0,378000.0,379000.0,383000.0,337000.0,337000.0,485000.0,326500.0,325000.0,325000.0,390000.0,395000.0,447000.0,462000.0,350000.0,471000.0,460000.0,467500.0,580000.0,525000.0,615000.0,510000.0,490000.0,465000.0,421000.0,432000.0,481000.0,555000.0
E05006628,172500.0,177500.0,195000.0,210000.0,220000.0,205000.0,190000.0,225000.0,220000.0,200000.0,225000.0,225000.0,230000.0,250000.0,271000.0,250000.0,245000.0,250000.0,250000.0,272000.0,281500.0,305000.0,272000.0,261500.0,270000.0,269000.0,288000.0,331000.0,325000.0,335000.0,335000.0,335000.0,352500.0,398750.0,395000.0,350000.0,322500.0,295000.0,283000.0,295000.0,321125.0,290000.0,294500.0,318200.0,293750.0,321013.0,321013.0,291000.0,277250.0,299000.0,335000.0,385000.0,445000.0,415000.0,360000.0,337500.0,314500.0,345700.0,380000.0,440000.0,460000.0,464000.0,437500.0,350000.0,330000.0,335000.0,330000.0,381000.0,422500.0,473750.0,470000.0,453750.0,477500.0,507500.0,490000.0,490000.0,455000.0,448750.0,397500.0,498000.0
E05006629,120000.0,132750.0,132750.0,135000.0,137750.0,147225.0,149500.0,158998.0,153995.0,146000.0,150978.0,163000.0,163000.0,180500.0,189950.0,185425.0,190000.0,193000.0,191000.0,216500.0,223000.0,223000.0,215000.0,214875.0,214875.0,223500.0,223000.0,239000.0,249999.0,250000.0,249997.0,249999.0,259975.0,241000.0,228000.0,199950.0,198750.0,198750.0,254975.0,249975.0,260000.0,255000.0,220000.0,216250.0,209500.0,217500.0,237500.0,250000.0,290000.0,270000.0,273000.0,281500.0,262000.0,262000.0,262000.0,240000.0,235000.0,250000.0,285000.0,285000.0,295000.0,297500.0,286500.0,320000.0,345000.0,335000.0,331500.0,350000.0,340000.0,360000.0,357500.0,354950.0,340000.0,332500.0,379950.0,405000.0,415000.0,412500.0,390000.0,370000.0
E05009364,142000.0,142250.0,142250.0,136000.0,133500.0,135500.0,137000.0,142000.0,146000.0,157000.0,185000.0,186000.0,194000.0,205000.0,205000.0,220000.0,202475.0,185550.0,213000.0,205475.0,215000.0,209500.0,200000.0,200000.0,226000.0,245000.0,245000.0,244500.0,244000.0,232500.0,244000.0,256000.0,249500.0,273750.0,272500.0,272500.0,270000.0,245000.0,343000.0,270000.0,350000.0,310000.0,273725.0,307000.0,274975.0,284350.0,250000.0,268750.0,269375.0,271735.0,270000.0,275000.0,280000.0,288500.0,250000.0,250000.0,243000.0,250000.0,292500.0,290000.0,295500.0,307000.0,287500.0,355750.0,328250.0,359500.0,359000.0,350000.0,359000.0,350000.0,332750.0,332750.0,320250.0,320000.0,350000.0,399950.0,387475.0,399975.0,345000.0,330000.0
E05009363,185000.0,215000.0,250000.0,255000.0,225000.0,210000.0,194000.0,205000.0,205000.0,255000.0,262500.0,262500.0,265000.0,249975.0,275000.0,307500.0,315000.0,280000.0,320000.0,285000.0,285000.0,310000.0,395500.0,445000.0,435000.0,470000.0,470000.0,475000.0,473750.0,337500.0,322500.0,340000.0,329999.0,385000.0,500000.0,500000.0,535000.0,476250.0,350000.0,361750.0,350000.0,355000.0,385000.0,362500.0,397500.0,415000.0,410000.0,388000.0,400000.0,400000.0,405000.0,466500.0,470000.0,399500.0,374625.0,327500.0,310000.0,352500.0,499999.0,507000.0,550250.0,534000.0,530000.0,507500.0,425000.0,436630.0,405000.0,407500.0,465000.0,470000.0,475000.0,524500.0,490500.0,555000.0,585000.0,585000.0,585000.0,545000.0,469000.0,470000.0
E05006632,71500.0,71500.0,81875.0,102250.0,114750.0,122995.0,123295.0,126995.0,129995.0,132911.0,130000.0,158995.0,184995.0,198995.0,208500.0,189973.0,184250.0,184500.0,183250.0,184748.0,177995.0,165475.0,169995.0,175995.0,177995.0,179000.0,179995.0,187100.0,185000.0,196000.0,192950.0,187575.0,184300.0,179275.0,175000.0,167000.0,154850.0,150000.0,150000.0,155000.0,166750.0,179950.0,200000.0,205000.0,200000.0,200000.0,190000.0,200000.0,190000.0,180000.0,186000.0,182500.0,186250.0,182500.0,182500.0,199975.0,194000.0,208000.0,214250.0,213500.0,218500.0,215000.0,216000.0,229000.0,231000.0,227500.0,237750.0,235000.0,242000.0,259000.0,270000.0,276500.0,274500.0,263500.0,262000.0,262250.0,263250.0,260000.0,258500.0,250000.0
E05009365,80000.0,85250.0,84995.0,87000.0,87500.0,92000.0,97000.0,102500.0,105000.0,105000.0,106748.0,107995.0,108000.0,118000.0,125995.0,128500.0,135000.0,138000.0,147500.0,149000.0,155000.0,156850.0,157000.0,157995.0,156500.0,151000.0,160000.0,166500.0,171250.0,175000.0,172000.0,173000.0,175000.0,175500.0,180000.0,175000.0,170000.0,174000.0,155000.0,163750.0,166000.0,170000.0,174500.0,175500.0,174000.0,160250.0,165000.0,170000.0,170000.0,182350.0,174000.0,175000.0,176750.0,170500.0,193000.0,194000.0,195000.0,199250.0,200500.0,216500.0,231250.0,240000.0,254000.0,253000.0,253000.0,255500.0,261000.0,280500.0,285000.0,291000.0,291000.0,291000.0,295000.0,297000.0,295500.0,302250.0,300000.0,300750.0,297500.0,247500.0
E05006634,98000.0,106500.0,113000.0,115000.0,114000.0,115000.0,117000.0,122500.0,123500.0,123000.0,126000.0,132000.0,136500.0,144975.0,153500.0,150000.0,155000.0,157000.0,164000.0,165500.0,167000.0,165000.0,164500.0,170000.0,172500.0,175000.0,181500.0,187750.0,187500.0,193000.0,198750.0,201500.0,204000.0,205000.0,199995.0,192500.0,167750.0,166250.0,174475.0,174000.0,175000.0,175000.0,196000.0,203000.0,205000.0,207975.0,205000.0,205475.0,205950.0,205000.0,202000.0,205000.0,195000.0,190000.0,186250.0,188750.0,203975.0,210000.0,228750.0,235500.0,236500.0,230000.0,222500.0,215750.0,225500.0,234500.0,242750.0,239000.0,255000.0,245250.0,264000.0,265500.0,286250.0,290000.0,282500.0,294250.0,296750.0,282000.0,263750.0,259000.0
E05010781,174750.0,192500.0,205750.0,210000.0,212500.0,205000.0,195000.0,195000.0,195000.0,205000.0,292000.0,284500.0,292000.0,289000.0,280000.0,311750.0,315000.0,302500.0,323000.0,325000.0,330000.0,340000.0,322460.0,318750.0,299950.0,280000.0,290000.0,308000.0,320250.0,318000.0,321250.0,319000.0,327500.0,350000.0,315000.0,277500.0,300000.0,358500.0,358500.0,337500.0,350000.0,350000.0,380000.0,499000.0,512000.0,512000.0,327500.0,280000.0,280000.0,307500.0,380000.0,366500.0,382500.0,390000.0,355000.0,378500.0,360000.0,360000.0,417500.0,411250.0,455000.0,430000.0,420000.0,370000.0,350000.0,350000.0,375963.0,405000.0,425000.0,425000.0,447500.0,447500.0,440000.0,495000.0,535000.0,605000.0,622500.0,455000.0,450000.0,477500.0
E05010782,135000.0,134000.0,134000.0,135500.0,139000.0,153500.0,176750.0,181750.0,175000.0,168750.0,175000.0,174000.0,187500.0,206250.0,206250.0,222500.0,222500.0,222500.0,227500.0,235000.0,238000.0,240000.0,240000.0,249995.0,244950.0,250000.0,250000.0,249950.0,248950.0,240000.0,249950.0,250000.0,267500.0,271250.0,273750.0,272500.0,275000.0,302000.0,250000.0,250000.0,247000.0,250000.0,270000.0,277500.0,272500.0,310000.0,310000.0,295000.0,277500.0,290000.0,290000.0,297500.0,327500.0,330000.0,311000.0,300000.0,289500.0,300000.0,352500.0,352500.0,363000.0,385000.0,375000.0,390000.0,346500.0,324500.0,335000.0,335000.0,388750.0,415875.0,435000.0,435000.0,427500.0,427500.0,419000.0,433750.0,480500.0,476000.0,485000.0,450000.0
E05006637,120000.0,120000.0,120000.0,115000.0,110625.0,114000.0,118500.0,120000.0,127500.0,144000.0,150000.0,155000.0,154225.0,161250.0,167500.0,176751.0,175500.0,185750.0,190475.0,187000.0,191000.0,189000.0,186975.0,190000.0,196500.0,200000.0,207988.0,212500.0,217825.0,225000.0,235000.0,245000.0,246500.0,248000.0,238000.0,231500.0,205000.0,200000.0,200000.0,175000.0,187250.0,186000.0,206250.0,242250.0,240000.0,230000.0,210000.0,188000.0,188000.0,192500.0,210000.0,235000.0,228500.0,210000.0,212500.0,205000.0,215000.0,223750.0,214500.0,235000.0,235500.0,243000.0,261500.0,255000.0,257000.0,261000.0,256000.0,262500.0,285000.0,312500.0,315000.0,315000.0,310000.0,313498.0,314995.0,325000.0,330000.0,327500.0,330000.0,322500.0
E05006638,121000.0,124995.0,139975.0,176750.0,181500.0,165000.0,150000.0,141000.0,141000.0,139000.0,165750.0,165750.0,167500.0,167500.0,165475.0,180450.0,195000.0,204000.0,212500.0,209000.0,220000.0,225000.0,245000.0,245000.0,225000.0,225000.0,237500.0,265748.0,277777.0,260000.0,277777.0,249250.0,249500.0,249000.0,249500.0,228500.0,230000.0,227500.0,222500.0,235000.0,235500.0,242500.0,288500.0,305000.0,305000.0,290000.0,262500.0,260000.0,250000.0,269000.0,285000.0,285000.0,310000.0,285000.0,302500.0,296750.0,308750.0,315000.0,301000.0,295000.0,281500.0,278000.0,295000.0,297550.0,318730.0,360639.0,330000.0,332500.0,330000.0,335000.0,370000.0,375000.0,395000.0,347500.0,350000.0,395000.0,408500.0,470000.0,460000.0,377500.0
E05006639,119950.0,124475.0,125500.0,136000.0,145000.0,145000.0,149950.0,154125.0,158500.0,162500.0,169950.0,174950.0,177500.0,181000.0,186000.0,198000.0,195000.0,198000.0,205000.0,230000.0,235000.0,235000.0,232000.0,224250.0,216500.0,232000.0,235000.0,234950.0,229950.0,227475.0,244875.0,258500.0,258500.0,255000.0,235000.0,232500.0,245000.0,272500.0,259975.0,248000.0,240000.0,230000.0,242500.0,248000.0,245000.0,272500.0,249995.0,268000.0,273750.0,285000.0,299995.0,291250.0,289500.0,296500.0,300000.0,312500.0,320000.0,320000.0,300000.0,302500.0,306500.0,295000.0,295000.0,295000.0,310000.0,315000.0,307500.0,316000.0,324125.0,325000.0,332500.0,349995.0,349995.0,349995.0,365000.0,350000.0,350000.0,338750.0,342500.0,360000.0
E05006640,132250.0,142000.0,149950.0,149950.0,149950.0,142950.0,152500.0,157000.0,172500.0,192500.0,192500.0,195000.0,200750.0,221500.0,240125.0,240063.0,230000.0,245000.0,246000.0,247000.0,260000.0,236101.0,265000.0,265000.0,244500.0,242000.0,248350.0,246750.0,255000.0,275000.0,280000.0,275000.0,272500.0,275000.0,242500.0,239250.0,233000.0,240000.0,244000.0,249000.0,247500.0,248500.0,250000.0,280500.0,300000.0,310000.0,351250.0,294000.0,268000.0,268000.0,280000.0,278500.0,280000.0,280000.0,275000.0,275500.0,282500.0,290000.0,300000.0,338000.0,327850.0,334850.0,311000.0,320000.0,334250.0,336500.0,360000.0,363500.0,375000.0,375000.0,380000.0,380000.0,353000.0,380000.0,405000.0,379000.0,383000.0,395000.0,389000.0,394000.0
E05010783,120000.0,132000.0,138725.0,137475.0,144500.0,170000.0,170000.0,177500.0,183000.0,180000.0,197500.0,186000.0,191000.0,215000.0,207500.0,210000.0,210000.0,210000.0,236000.0,285500.0,291000.0,291000.0,250000.0,245000.0,250000.0,250000.0,248500.0,250000.0,245750.0,245500.0,250000.0,252500.0,272500.0,280000.0,270000.0,246500.0,268000.0,245000.0,245000.0,278500.0,310000.0,289000.0,288000.0,303500.0,275351.0,265000.0,275326.0,250000.0,250000.0,275000.0,285000.0,300000.0,305000.0,365000.0,312500.0,305000.0,310000.0,308500.0,335000.0,355000.0,395000.0,395000.0,360000.0,340000.0,323750.0,357500.0,422500.0,489500.0,495000.0,485000.0,392500.0,370000.0,418000.0,405000.0,390000.0,360000.0,346000.0,357000.0,359750.0,375000.0
E05006642,181000.0,210000.0,210000.0,205000.0,202500.0,205000.0,190000.0,175000.0,177500.0,186000.0,220000.0,273000.0,281000.0,282000.0,285000.0,249000.0,276500.0,266250.0,282500.0,285000.0,285000.0,303500.0,273000.0,239950.0,244200.0,250000.0,320000.0,343750.0,345000.0,338750.0,350000.0,310000.0,325000.0,300000.0,300000.0,350000.0,249500.0,275000.0,310000.0,310000.0,310000.0,315000.0,275000.0,287500.0,290000.0,290000.0,310000.0,290000.0,290000.0,300000.0,266085.0,287500.0,290000.0,320000.0,390000.0,399975.0,416250.0,421225.0,410000.0,395000.0,385000.0,380000.0,385000.0,385000.0,455000.0,473750.0,455000.0,430000.0,400000.0,375000.0,382000.0,392500.0,385000.0,380000.0,345500.0,361500.0,371500.0,445000.0,458750.0,396000.0
E05006643,136750.0,157995.0,155995.0,148000.0,126250.0,116000.0,148000.0,167975.0,167000.0,172725.0,174500.0,186000.0,204795.0,214500.0,224500.0,208745.0,212500.0,211250.0,220000.0,235000.0,230000.0,230000.0,225500.0,213000.0,210000.0,210000.0,235000.0,235000.0,240000.0,250000.0,249950.0,249975.0,248475.0,249950.0,217000.0,192000.0,194975.0,200000.0,208500.0,214500.0,217000.0,245000.0,262500.0,256000.0,256250.0,286000.0,228000.0,249950.0,244500.0,244500.0,248000.0,243000.0,275000.0,260000.0,270000.0,249950.0,249950.0,242500.0,247500.0,265000.0,250000.0,291250.0,285000.0,297500.0,298750.0,310000.0,325500.0,315000.0,320000.0,317500.0,300000.0,385000.0,375000.0,372500.0,370000.0,346000.0,325000.0,358500.0,358500.0,350000.0
E05006644,149500.0,141000.0,154500.0,168000.0,160000.0,165000.0,167500.0,175000.0,177500.0,191000.0,225000.0,239500.0,237250.0,213500.0,213750.0,215000.0,230125.0,249500.0,257500.0,257500.0,275000.0,270000.0,270000.0,270000.0,234000.0,242000.0,271500.0,285000.0,330000.0,327500.0,324250.0,312000.0,308500.0,323750.0,347500.0,287500.0,275000.0,260000.0,238000.0,238550.0,250000.0,287000.0,320000.0,329950.0,305000.0,300000.0,312500.0,276500.0,283000.0,306500.0,275000.0,282500.0,310000.0,315000.0,362500.0,301100.0,311050.0,321000.0,305550.0,350000.0,350000.0,332500.0,372500.0,307500.0,354500.0,362500.0,370000.0,423500.0,430000.0,440000.0,354000.0,470000.0,470000.0,462500.0,470000.0,415000.0,406250.0,412500.0,408750.0,400000.0
E05006645,150000.0,150000.0,155000.0,176750.0,192500.0,180000.0,178000.0,180000.0,180000.0,197000.0,202000.0,211250.0,211500.0,226000.0,235000.0,238500.0,247750.0,257500.0,275000.0,300000.0,295000.0,260000.0,249950.0,247500.0,250000.0,278475.0,280000.0,296000.0,295500.0,308750.0,375000.0,395000.0,400000.0,400000.0,282500.0,280000.0,272000.0,285000.0,371500.0,297500.0,370000.0,328000.0,307500.0,350000.0,298000.0,310000.0,290000.0,288000.0,294500.0,288000.0,351250.0,417500.0,384000.0,379750.0,362500.0,297500.0,293750.0,307500.0,299950.0,350000.0,352500.0,350000.0,381000.0,376000.0,380000.0,397500.0,416000.0,475000.0,485000.0,485000.0,480000.0,490000.0,470000.0,444000.0,512500.0,445500.0,447000.0,450000.0,459000.0,500000.0
E05006646,155000.0,149500.0,158500.0,163000.0,163500.0,162500.0,180000.0,180000.0,174000.0,190000.0,195150.0,200000.0,210000.0,223600.0,241750.0,224000.0,221975.0,234000.0,233000.0,234000.0,240000.0,237000.0,260000.0,250000.0,248950.0,250000.0,274000.0,282500.0,295500.0,291000.0,282000.0,282000.0,287000.0,287000.0,285000.0,282500.0,300000.0,317500.0,285000.0,300000.0,287500.0,249500.0,305000.0,317500.0,307500.0,300000.0,300000.0,280000.0,280000.0,298500.0,325500.0,345500.0,365000.0,345000.0,311000.0,327500.0,330000.0,330000.0,355000.0,333000.0,333000.0,320000.0,348750.0,367500.0,360000.0,402975.0,399950.0,395000.0,415000.0,431000.0,417500.0,447000.0,448500.0,430000.0,465000.0,445000.0,417500.0,415000.0,402500.0,422500.0
E05006647,118000.0,115000.0,120000.0,121500.0,127000.0,130000.0,142000.0,145250.0,145000.0,149000.0,168000.0,171750.0,175000.0,202000.0,172000.0,172000.0,196000.0,190000.0,223000.0,229950.0,224000.0,236500.0,225000.0,236000.0,233500.0,220000.0,237000.0,222500.0,236500.0,250000.0,250000.0,269000.0,280000.0,268750.0,250000.0,320000.0,258750.0,227500.0,210100.0,212500.0,215000.0,272000.0,250000.0,250000.0,250000.0,235000.0,245000.0,271000.0,250000.0,285000.0,290000.0,245000.0,262500.0,250000.0,255000.0,262500.0,260000.0,250000.0,250000.0,267500.0,267500.0,270000.0,280000.0,289500.0,308500.0,310000.0,311000.0,313500.0,321500.0,315000.0,323000.0,323000.0,317500.0,320000.0,325000.0,340000.0,375000.0,382500.0,347500.0,335000.0
E05006648,99950.0,103000.0,125000.0,122475.0,119950.0,123000.0,126000.0,135000.0,136950.0,144000.0,146500.0,149950.0,159950.0,180000.0,202500.0,219500.0,218500.0,200000.0,185000.0,181500.0,184750.0,185000.0,178000.0,177950.0,179000.0,180000.0,189000.0,195000.0,199950.0,199950.0,207000.0,210000.0,190000.0,195000.0,190000.0,194250.0,195750.0,175000.0,170000.0,155000.0,155500.0,149950.0,151250.0,155000.0,150000.0,199750.0,204000.0,210000.0,210000.0,212500.0,216500.0,217500.0,235000.0,189000.0,190250.0,212500.0,220000.0,228000.0,232000.0,223500.0,221000.0,221000.0,225000.0,242500.0,247000.0,257500.0,262500.0,266000.0,276000.0,275500.0,275000.0,275000.0,272500.0,248000.0,242500.0,281500.0,295000.0,335000.0,339000.0,345000.0
E05006649,98500.0,99995.0,108000.0,112250.0,116000.0,120000.0,129973.0,137000.0,140500.0,149995.0,155000.0,159995.0,163998.0,175688.0,190000.0,199498.0,199995.0,200000.0,205000.0,199950.0,199950.0,194995.0,190000.0,196000.0,196898.0,205000.0,210995.0,213000.0,214500.0,219995.0,219998.0,217998.0,218995.0,225000.0,230000.0,225000.0,224015.0,205950.0,194000.0,197950.0,200000.0,203975.0,212000.0,214500.0,215000.0,214500.0,215000.0,225000.0,222000.0,230000.0,233500.0,235000.0,235000.0,229000.0,233000.0,220000.0,222500.0,235000.0,240000.0,245000.0,247950.0,246000.0,259000.0,271000.0,272250.0,285000.0,297000.0,308500.0,310000.0,298000.0,310000.0,315000.0,325000.0,325000.0,310000.0,305750.0,300000.0,290000.0,297500.0,291250.0
E05006650,132500.0,126500.0,132500.0,132500.0,125000.0,136250.0,142500.0,145000.0,151000.0,152500.0,156550.0,159000.0,164750.0,170000.0,193000.0,190500.0,191000.0,195000.0,191500.0,202500.0,214500.0,217500.0,215000.0,199250.0,199250.0,205000.0,205000.0,223000.0,227500.0,225000.0,225000.0,227000.0,227000.0,227000.0,217500.0,199950.0,190000.0,188000.0,200000.0,192500.0,208000.0,208000.0,204500.0,204500.0,202975.0,202975.0,205000.0,217750.0,214000.0,240000.0,218500.0,212000.0,231000.0,235000.0,243000.0,245500.0,241975.0,230000.0,237000.0,245000.0,250000.0,292000.0,292500.0,292500.0,295000.0,289975.0,302500.0,315000.0,315000.0,360000.0,342500.0,335000.0,335000.0,307000.0,299250.0,300000.0,289000.0,330000.0,362000.0,364250.0
E05006651,92725.0,100000.0,112000.0,115000.0,114000.0,117550.0,118000.0,120000.0,128500.0,130750.0,134000.0,135000.0,137000.0,144000.0,154000.0,159000.0,164750.0,165750.0,170000.0,172000.0,178500.0,180000.0,177500.0,180000.0,179500.0,180000.0,182500.0,185000.0,185000.0,196040.0,208975.0,206975.0,210000.0,207000.0,195000.0,197500.0,191500.0,175000.0,180000.0,184000.0,187000.0,207000.0,210000.0,204000.0,193000.0,194500.0,193500.0,196225.0,207750.0,200000.0,212000.0,210250.0,204500.0,212000.0,213500.0,217500.0,222498.0,235000.0,240000.0,249975.0,250000.0,257050.0,262500.0,265050.0,269950.0,261000.0,256000.0,251500.0,260000.0,273000.0,275000.0,275000.0,279950.0,283000.0,283000.0,289000.0,285000.0,275000.0,287500.0,282500.0
E05006652,89950.0,94975.0,103975.0,105475.0,107000.0,110250.0,113250.0,118000.0,119250.0,128000.0,138125.0,143500.0,147000.0,152998.0,154500.0,157750.0,157750.0,159950.0,165000.0,174500.0,175000.0,170000.0,170000.0,171000.0,172000.0,173500.0,175000.0,173500.0,182000.0,189950.0,195000.0,202000.0,204500.0,208000.0,207500.0,205000.0,195000.0,170000.0,168000.0,164000.0,170000.0,175000.0,192500.0,205000.0,204100.0,203200.0,204000.0,219250.0,216750.0,218000.0,221000.0,218000.0,221000.0,215000.0,210000.0,206000.0,205000.0,209000.0,220000.0,221500.0,228000.0,229000.0,244000.0,285000.0,303750.0,316000.0,325000.0,338000.0,340000.0,342500.0,346250.0,340000.0,337500.0,345000.0,349998.0,353896.0,350000.0,340144.0,328498.0,325000.0
E05006653,130000.0,127500.0,132000.0,135000.0,135500.0,154500.0,157000.0,165000.0,165000.0,168000.0,185000.0,186250.0,185000.0,191250.0,199750.0,205000.0,215000.0,231000.0,240250.0,250000.0,272500.0,250000.0,246250.0,250000.0,255000.0,267500.0,279000.0,280000.0,290000.0,296000.0,300500.0,299725.0,310000.0,317500.0,325000.0,300000.0,290000.0,288000.0,305000.0,310000.0,302500.0,310000.0,300000.0,280000.0,280000.0,271250.0,265000.0,275000.0,275000.0,290000.0,300000.0,300500.0,330750.0,330000.0,330750.0,322500.0,307500.0,307500.0,350000.0,370500.0,378500.0,379000.0,395000.0,380000.0,380000.0,385000.0,395000.0,421250.0,430000.0,440000.0,430000.0,430000.0,432628.0,432628.0,425000.0,422000.0,408750.0,402500.0,360000.0,411000.0
